"StartDate","EndDate","Status","Duration__in_seconds_","consent","age","gender","Partner_Availabilty1","Partner_Availabilty2","FearBeingSingle1","FearBeingSingle2","FearBeingSingle3","DAuse","RsStatus","SexOrient","Q_TotalDuration","Dummy_Relationship","Dummy_Female","PartnerAvail","FOBS","c_PAmany","RsStatus_inRShip","Gndr_F"
2019-12-06 12:42:52,2019-12-06 13:13:03,0,1810,1,48,2,5,5,1,5,1,7,1,3,1810,0,1,5,2.33333333333333,2.1139,0,1
2019-12-09 12:26:59,2019-12-09 12:33:12,0,372,1,29,1,2,3,4,5,4,3,1,1,372,0,0,2.5,4.33333333333333,-0.3861,0,0
2019-12-09 09:24:19,2019-12-09 11:19:02,0,6882,1,25,2,5,5,1,3,1,2,1,1,6882,0,1,5,1.66666666666667,2.1139,0,1
2019-12-06 16:27:34,2019-12-06 17:12:37,0,2702,1,64,1,1,5,1,1,1,1,1,1,2702,0,0,3,1,0.1139,0,0
2019-12-05 12:39:30,2019-12-05 12:56:58,0,1047,1,59,1,1,1,1,1,1,1,1,1,1047,0,0,1,1,-1.8861,0,0
2019-12-05 13:44:19,2019-12-05 14:01:45,0,1045,1,48,2,1,1,1,1,1,1,1,4,1045,0,1,1,1,-1.8861,0,1
2019-12-06 21:47:23,2019-12-06 22:21:30,0,2047,1,27,2,2,1,2,3,3,1,1,1,2047,0,1,1.5,2.66666666666667,-1.3861,0,1
2019-12-07 08:42:34,2019-12-07 09:07:10,0,1476,1,58,2,3,3,1,1,1,1,1,1,1476,0,1,3,1,0.1139,0,1
2019-12-06 23:58:46,2019-12-07 00:08:02,0,556,1,21,1,1,2,2,2,3,1,1,1,556,0,0,1.5,2.33333333333333,-1.3861,0,0
2019-12-06 19:30:52,2019-12-06 19:43:14,0,741,1,26,2,5,5,1,1,1,1,1,3,741,0,1,5,1,2.1139,0,1
2019-12-06 21:57:02,2019-12-06 22:23:43,0,1600,1,58,1,1,1,1,5,5,1,1,1,1600,0,0,1,3.66666666666667,-1.8861,0,0
2019-12-07 17:31:23,2019-12-07 17:44:41,0,797,1,61,1,1,1,1,1,1,1,1,1,797,0,0,1,1,-1.8861,0,0
2019-12-08 06:59:17,2019-12-08 07:31:53,0,1955,1,51,1,5,5,1,1,1,1,1,1,1955,0,0,5,1,2.1139,0,0
2019-12-08 10:01:23,2019-12-08 10:25:36,0,1453,1,48,1,5,5,1,1,1,1,1,1,1453,0,0,5,1,2.1139,0,0
2019-12-06 15:12:44,2019-12-06 15:25:11,0,747,1,20,1,2,5,5,4,4,5,1,1,747,0,0,3.5,4.33333333333333,0.6139,0,0
2019-12-05 13:12:36,2019-12-05 13:20:13,0,456,1,20,1,3,4,4,2,3,5,1,1,456,0,0,3.5,3,0.6139,0,0
2019-12-08 00:06:14,2019-12-08 00:20:24,0,850,1,23,1,3,4,3,3,3,2,1,1,850,0,0,3.5,3,0.6139,0,0
2019-12-05 12:46:00,2019-12-05 12:54:14,0,493,1,29,1,4,2,4,4,2,7,1,3,493,0,0,3,3.33333333333333,0.1139,0,0
2019-12-05 13:31:10,2019-12-05 13:48:20,0,1030,1,20,1,5,5,4,5,4,6,1,4,1030,0,0,5,4.33333333333333,2.1139,0,0
2019-12-05 22:59:00,2019-12-05 23:10:31,0,690,1,28,1,5,5,3,5,4,4,1,1,690,0,0,5,4,2.1139,0,0
2019-12-06 20:22:26,2019-12-06 20:38:45,0,979,1,28,1,4,4,1,1,1,2,1,3,979,0,0,4,1,1.1139,0,0
2019-12-07 18:50:50,2019-12-07 19:00:58,0,607,1,28,1,1,3,2,4,3,2,1,3,607,0,0,2,3,-0.8861,0,0
2019-12-06 12:46:31,2019-12-06 12:53:42,0,430,1,42,1,4,4,2,2,3,6,1,1,430,0,0,4,2.33333333333333,1.1139,0,0
2019-12-11 08:24:08,2019-12-11 08:38:08,0,839,1,23,1,3,3,4,2,2,2,1,1,839,0,0,3,2.66666666666667,0.1139,0,0
2019-12-05 13:14:02,2019-12-05 13:49:28,0,2126,1,41,1,3,4,2,1,1,1,1,1,2126,0,0,3.5,1.33333333333333,0.6139,0,0
2019-12-07 17:38:19,2019-12-07 17:59:30,0,1270,1,47,2,1,1,4,4,4,1,1,1,1270,0,1,1,4,-1.8861,0,1
2019-12-07 22:36:48,2019-12-07 22:59:51,0,1383,1,65,2,2,2,1,2,2,1,1,1,1383,0,1,2,1.66666666666667,-0.8861,0,1
2019-12-10 06:20:37,2019-12-10 06:38:16,0,1058,1,28,2,2,2,2,1,1,1,1,1,1058,0,1,2,1.33333333333333,-0.8861,0,1
2019-12-04 10:44:38,2019-12-04 10:50:57,0,378,1,33,1,3,3,3,3,3,5,1,1,378,0,0,3,3,0.1139,0,0
2019-12-10 18:33:35,2019-12-10 18:45:23,0,707,1,44,1,4,2,4,3,5,4,1,2,707,0,0,3,4,0.1139,0,0
2019-12-12 13:06:09,2019-12-12 13:14:04,0,475,1,36,1,3,3,3,3,3,7,1,1,475,0,0,3,3,0.1139,0,0
2019-12-08 20:04:13,2019-12-08 20:33:22,0,1749,1,33,2,3,3,3,3,3,5,1,2,1749,0,1,3,3,0.1139,0,1
2019-12-10 17:43:57,2019-12-10 17:59:48,0,950,1,38,1,4,4,4,3,4,5,1,1,950,0,0,4,3.66666666666667,1.1139,0,0
2019-12-06 16:57:57,2019-12-06 17:23:26,0,1529,1,55,1,4,2,1,1,1,2,1,1,1529,0,0,3,1,0.1139,0,0
2019-12-05 20:17:15,2019-12-05 20:33:46,0,991,1,19,2,4,4,4,5,5,4,1,2,991,0,1,4,4.66666666666667,1.1139,0,1
2019-12-10 14:09:03,2019-12-10 18:06:35,0,14251,1,23,1,3,3,4,4,4,2,1,1,14251,0,0,3,4,0.1139,0,0
2019-12-07 16:33:23,2019-12-07 16:53:37,0,1213,1,18,1,3,4,4,4,4,5,1,1,1213,0,0,3.5,4,0.6139,0,0
2019-12-08 09:17:35,2019-12-08 09:31:30,0,835,1,43,2,2,2,2,3,3,5,1,1,835,0,1,2,2.66666666666667,-0.8861,0,1
2019-12-07 11:20:35,2019-12-07 11:30:57,0,621,1,43,1,3,3,4,3,3,4,1,1,621,0,0,3,3.33333333333333,0.1139,0,0
2019-12-08 00:36:24,2019-12-08 00:48:59,0,755,1,62,1,3,3,3,3,3,1,1,1,755,0,0,3,3,0.1139,0,0
2019-12-07 05:09:50,2019-12-07 14:34:48,0,33898,1,19,2,3,3,4,3,4,6,1,1,33898,0,1,3,3.66666666666667,0.1139,0,1
2019-12-09 22:17:25,2019-12-09 22:24:18,0,413,1,28,1,3,3,3,3,3,5,1,1,413,0,0,3,3,0.1139,0,0
2019-12-11 08:52:19,2019-12-11 09:21:10,0,1730,1,21,2,3,3,3,3,3,5,1,1,1730,0,1,3,3,0.1139,0,1
2019-12-06 15:16:49,2019-12-06 15:27:49,0,659,1,19,1,2,3,3,2,3,2,1,4,659,0,0,2.5,2.66666666666667,-0.3861,0,0
2019-12-08 01:48:20,2019-12-08 02:11:36,0,1395,1,60,1,3,3,3,3,3,2,1,2,1395,0,0,3,3,0.1139,0,0
2019-12-06 18:34:22,2019-12-06 19:02:41,0,1698,1,44,2,3,3,1,4,1,1,1,2,1698,0,1,3,2,0.1139,0,1
2019-12-06 20:13:33,2019-12-06 20:28:35,0,901,1,21,1,3,3,1,1,1,1,1,1,901,0,0,3,1,0.1139,0,0
2019-12-05 22:45:15,2019-12-05 23:07:12,0,1316,1,62,2,2,2,1,1,1,1,1,1,1316,0,1,2,1,-0.8861,0,1
2019-12-07 16:08:51,2019-12-07 16:22:42,0,831,1,47,2,2,2,1,1,1,1,1,4,831,0,1,2,1,-0.8861,0,1
2019-12-08 06:42:55,2019-12-08 07:05:15,0,1339,1,28,2,2,2,2,2,2,1,1,1,1339,0,1,2,2,-0.8861,0,1
2019-12-06 16:28:04,2019-12-06 16:41:42,0,817,1,49,1,3,3,3,1,1,1,1,1,817,0,0,3,1.66666666666667,0.1139,0,0
2019-12-06 18:41:07,2019-12-06 19:09:52,0,1725,1,52,2,3,3,3,3,3,1,1,1,1725,0,1,3,3,0.1139,0,1
2019-12-06 19:53:53,2019-12-06 20:00:47,0,413,1,22,2,2,3,4,3,3,1,1,3,413,0,1,2.5,3.33333333333333,-0.3861,0,1
2019-12-07 12:29:27,2019-12-07 12:53:31,0,1443,1,58,1,5,3,1,1,1,1,1,1,1443,0,0,4,1,1.1139,0,0
2019-12-07 13:57:24,2019-12-07 14:18:04,0,1240,1,61,2,1,1,1,1,1,1,1,1,1240,0,1,1,1,-1.8861,0,1
2019-12-07 16:55:16,2019-12-07 17:37:41,0,2544,1,51,1,3,2,2,1,2,1,1,2,2544,0,0,2.5,1.66666666666667,-0.3861,0,0
2019-12-07 17:39:29,2019-12-07 17:58:27,0,1137,1,47,2,4,4,1,1,1,1,1,1,1137,0,1,4,1,1.1139,0,1
2019-12-07 18:52:52,2019-12-07 19:15:09,0,1337,1,54,1,4,3,1,1,1,1,1,1,1337,0,0,3.5,1,0.6139,0,0
2019-12-11 13:18:02,2019-12-11 13:33:36,0,933,1,50,1,1,1,1,1,1,1,1,1,933,0,0,1,1,-1.8861,0,0
2019-12-05 14:39:50,2019-12-05 15:01:22,0,1291,1,37,1,5,5,3,5,1,1,1,1,1291,0,0,5,3,2.1139,0,0
2019-12-07 21:00:08,2019-12-07 22:09:46,0,4178,1,46,2,2,2,4,4,3,1,1,4,4178,0,1,2,3.66666666666667,-0.8861,0,1
2019-12-08 12:26:32,2019-12-08 12:46:16,0,1183,1,22,1,2,2,1,3,2,1,1,1,1183,0,0,2,2,-0.8861,0,0
2019-12-06 16:01:33,2019-12-06 16:25:12,0,1419,1,61,1,2,2,2,1,1,1,1,4,1419,0,0,2,1.33333333333333,-0.8861,0,0
2019-12-06 18:47:08,2019-12-06 19:04:14,0,1026,1,25,2,1,1,1,1,1,1,1,1,1026,0,1,1,1,-1.8861,0,1
2019-12-07 18:30:29,2019-12-07 18:50:01,0,1171,1,41,1,4,1,1,1,1,1,1,1,1171,0,0,2.5,1,-0.3861,0,0
2019-12-12 12:24:54,2019-12-12 12:40:17,0,923,1,21,1,5,4,4,2,2,1,1,1,923,0,0,4.5,2.66666666666667,1.6139,0,0
2019-12-06 15:13:37,2019-12-06 15:49:13,0,2135,1,19,1,5,4,5,5,3,1,1,1,2135,0,0,4.5,4.33333333333333,1.6139,0,0
2019-12-12 13:54:11,2019-12-12 14:01:21,0,429,1,29,1,5,5,4,3,4,7,1,2,429,0,0,5,3.66666666666667,2.1139,0,0
2019-12-07 08:47:36,2019-12-07 09:05:10,0,1053,1,60,1,1,2,1,2,4,7,1,1,1053,0,0,1.5,2.33333333333333,-1.3861,0,0
2019-12-07 18:24:24,2019-12-07 18:44:44,0,1219,1,25,2,3,3,1,2,1,5,1,1,1219,0,1,3,1.33333333333333,0.1139,0,1
2019-12-10 11:03:56,2019-12-10 11:13:40,0,584,1,31,1,4,4,3,4,3,8,1,1,584,0,0,4,3.33333333333333,1.1139,0,0
2019-12-09 14:45:26,2019-12-09 14:54:49,0,562,1,26,1,5,5,5,5,5,6,1,1,562,0,0,5,5,2.1139,0,0
2019-12-06 22:11:09,2019-12-06 23:04:52,0,3222,1,29,1,4,5,5,4,5,6,1,1,3222,0,0,4.5,4.66666666666667,1.6139,0,0
2019-12-07 22:46:32,2019-12-07 23:08:52,0,1339,1,45,1,4,5,1,1,2,3,1,1,1339,0,0,4.5,1.33333333333333,1.6139,0,0
2019-12-07 12:11:00,2019-12-07 12:42:45,0,1904,1,52,1,4,4,5,5,5,5,1,1,1904,0,0,4,5,1.1139,0,0
2019-12-10 14:23:38,2019-12-10 14:30:39,0,420,1,38,1,4,4,4,5,4,5,1,1,420,0,0,4,4.33333333333333,1.1139,0,0
2019-12-10 19:37:12,2019-12-10 20:07:17,0,1804,1,29,2,3,2,1,2,2,4,1,1,1804,0,1,2.5,1.66666666666667,-0.3861,0,1
2019-12-10 07:42:58,2019-12-10 07:52:33,0,575,1,26,1,3,2,1,3,2,5,1,1,575,0,0,2.5,2,-0.3861,0,0
2019-12-10 09:05:36,2019-12-10 09:20:14,0,878,1,33,1,3,3,3,4,4,6,1,3,878,0,0,3,3.66666666666667,0.1139,0,0
2019-12-10 14:12:51,2019-12-10 15:12:41,0,3589,1,33,1,4,4,4,4,4,7,1,1,3589,0,0,4,4,1.1139,0,0
2019-12-10 13:10:52,2019-12-10 13:50:57,0,2404,1,30,2,2,2,3,3,3,3,1,1,2404,0,1,2,3,-0.8861,0,1
2019-12-09 07:22:56,2019-12-09 07:29:02,0,365,1,25,2,4,4,3,3,4,1,1,1,365,0,1,4,3.33333333333333,1.1139,0,1
2019-12-06 17:46:59,2019-12-06 18:13:20,0,1580,1,54,2,2,3,1,1,2,1,1,4,1580,0,1,2.5,1.33333333333333,-0.3861,0,1
2019-12-08 07:37:35,2019-12-08 07:42:09,0,274,1,28,1,5,4,3,4,4,7,1,1,274,0,0,4.5,3.66666666666667,1.6139,0,0
2019-12-12 13:09:11,2019-12-12 15:28:24,0,8352,1,18,1,3,2,2,2,2,2,1,2,8352,0,0,2.5,2,-0.3861,0,0
2019-12-05 12:25:43,2019-12-05 12:48:22,0,1358,1,35,1,3,4,4,5,4,2,1,1,1358,0,0,3.5,4.33333333333333,0.6139,0,0
2019-12-06 21:06:04,2019-12-06 21:27:05,0,1260,1,37,1,4,3,3,5,5,2,1,1,1260,0,0,3.5,4.33333333333333,0.6139,0,0
2019-12-06 21:11:40,2019-12-06 21:41:14,0,1774,1,65,2,5,5,1,2,2,2,1,1,1774,0,1,5,1.66666666666667,2.1139,0,1
2019-12-10 18:51:25,2019-12-10 19:06:57,0,931,1,31,2,1,2,4,4,5,2,1,1,931,0,1,1.5,4.33333333333333,-1.3861,0,1
2019-12-07 09:59:08,2019-12-07 10:20:26,0,1277,1,59,2,1,1,1,1,1,1,1,3,1277,0,1,1,1,-1.8861,0,1
2019-12-05 14:14:28,2019-12-05 16:31:33,0,8225,1,20,2,5,3,4,5,4,1,1,1,8225,0,1,4,4.33333333333333,1.1139,0,1
2019-12-06 05:36:24,2019-12-06 06:05:02,0,1718,1,62,2,5,4,4,1,1,1,1,1,1718,0,1,4.5,2,1.6139,0,1
2019-12-06 20:45:55,2019-12-06 21:12:21,0,1585,1,62,1,4,4,3,1,3,1,1,1,1585,0,0,4,2.33333333333333,1.1139,0,0
2019-12-07 10:00:18,2019-12-07 10:32:04,0,1905,1,55,1,3,3,1,2,2,1,1,1,1905,0,0,3,1.66666666666667,0.1139,0,0
2019-12-07 18:30:18,2019-12-07 18:43:50,0,811,1,62,2,2,2,1,1,1,1,1,1,811,0,1,2,1,-0.8861,0,1
2019-12-07 17:57:11,2019-12-07 18:43:58,0,2807,1,55,1,3,3,2,2,2,1,1,1,2807,0,0,3,2,0.1139,0,0
2019-12-07 20:37:34,2019-12-07 20:57:13,0,1179,1,33,1,2,3,3,1,3,1,1,1,1179,0,0,2.5,2.33333333333333,-0.3861,0,0
2019-12-07 18:06:40,2019-12-07 21:39:57,0,12796,1,57,2,1,2,2,5,5,1,1,1,12796,0,1,1.5,4,-1.3861,0,1
2019-12-08 20:10:54,2019-12-08 21:05:38,0,3283,1,40,2,3,2,4,4,3,1,1,1,3283,0,1,2.5,3.66666666666667,-0.3861,0,1
2019-12-10 09:15:12,2019-12-10 09:51:34,0,2182,1,49,1,3,3,1,1,1,1,1,1,2182,0,0,3,1,0.1139,0,0
2019-12-11 13:29:58,2019-12-11 13:48:14,0,1095,1,55,1,5,2,1,1,1,1,1,1,1095,0,0,3.5,1,0.6139,0,0
2019-12-05 14:35:32,2019-12-05 15:16:50,0,2477,1,32,1,4,4,1,1,1,1,1,1,2477,0,0,4,1,1.1139,0,0
2019-12-05 23:38:36,2019-12-06 00:00:58,0,1341,1,48,1,2,4,3,1,1,1,1,1,1341,0,0,3,1.66666666666667,0.1139,0,0
2019-12-06 14:08:58,2019-12-06 14:26:09,0,1031,1,58,2,1,1,1,1,1,1,1,1,1031,0,1,1,1,-1.8861,0,1
2019-12-07 00:36:32,2019-12-07 00:54:28,0,1075,1,48,1,5,5,3,1,1,1,1,1,1075,0,0,5,1.66666666666667,2.1139,0,0
2019-12-07 10:46:22,2019-12-07 11:12:34,0,1571,1,53,1,1,2,1,2,2,1,1,1,1571,0,0,1.5,1.66666666666667,-1.3861,0,0
2019-12-07 11:13:28,2019-12-07 11:32:44,0,1155,1,22,1,5,4,3,5,4,1,1,1,1155,0,0,4.5,4,1.6139,0,0
2019-12-07 15:41:44,2019-12-07 16:00:17,0,1113,1,39,1,1,1,1,1,1,1,1,1,1113,0,0,1,1,-1.8861,0,0
2019-12-07 21:15:48,2019-12-07 21:34:40,0,1131,1,52,1,2,3,1,1,1,1,1,1,1131,0,0,2.5,1,-0.3861,0,0
2019-12-07 21:02:17,2019-12-07 21:38:22,0,2164,1,20,2,1,1,1,1,1,1,1,1,2164,0,1,1,1,-1.8861,0,1
2019-12-08 10:43:33,2019-12-08 11:25:44,0,2531,1,26,1,5,5,5,4,5,1,1,1,2531,0,0,5,4.66666666666667,2.1139,0,0
2019-12-08 16:47:02,2019-12-08 17:10:54,0,1432,1,43,2,1,1,1,1,3,1,1,2,1432,0,1,1,1.66666666666667,-1.8861,0,1
2019-12-12 19:31:10,2019-12-12 19:58:11,0,1620,1,32,2,3,3,4,3,4,1,1,1,1620,0,1,3,3.66666666666667,0.1139,0,1
2019-12-07 06:59:37,2019-12-07 07:16:12,0,995,1,48,1,5,4,3,1,2,1,1,3,995,0,0,4.5,2,1.6139,0,0
2019-12-07 09:10:19,2019-12-07 09:42:17,0,1917,1,60,1,4,2,2,1,1,1,1,1,1917,0,0,3,1.33333333333333,0.1139,0,0
2019-12-07 15:34:27,2019-12-07 15:50:53,0,985,1,27,2,1,1,3,3,3,1,1,4,985,0,1,1,3,-1.8861,0,1
2019-12-07 21:50:28,2019-12-08 00:25:14,0,9285,1,50,1,2,3,1,2,2,1,1,1,9285,0,0,2.5,1.66666666666667,-0.3861,0,0
2019-12-08 12:15:17,2019-12-08 12:39:16,0,1439,1,21,1,2,3,4,5,5,1,1,1,1439,0,0,2.5,4.66666666666667,-0.3861,0,0
2019-12-08 17:55:02,2019-12-08 18:04:29,0,566,1,22,2,4,4,5,5,5,1,1,4,566,0,1,4,5,1.1139,0,1
2019-12-10 15:21:57,2019-12-10 15:54:40,0,1962,1,31,1,3,3,3,4,4,1,1,1,1962,0,0,3,3.66666666666667,0.1139,0,0
2019-12-07 07:08:08,2019-12-07 07:31:57,0,1428,1,54,1,2,2,3,3,3,1,1,1,1428,0,0,2,3,-0.8861,0,0
2019-12-07 12:54:20,2019-12-07 13:22:57,0,1717,1,51,1,2,3,2,2,2,5,1,1,1717,0,0,2.5,2,-0.3861,0,0
2019-12-09 11:12:55,2019-12-09 11:39:34,0,1598,1,20,1,4,4,2,3,2,2,1,1,1598,0,0,4,2.33333333333333,1.1139,0,0
2019-12-07 15:30:48,2019-12-07 15:36:29,0,341,1,25,1,4,3,2,1,2,7,1,1,341,0,0,3.5,1.66666666666667,0.6139,0,0
2019-12-07 04:22:45,2019-12-07 04:37:46,0,901,1,35,1,3,3,2,2,3,6,1,3,901,0,0,3,2.33333333333333,0.1139,0,0
2019-12-07 23:16:26,2019-12-07 23:36:29,0,1202,1,47,1,4,4,5,2,2,5,1,1,1202,0,0,4,3,1.1139,0,0
2019-12-09 20:03:03,2019-12-09 20:17:09,0,845,1,40,1,4,4,5,4,5,6,1,1,845,0,0,4,4.66666666666667,1.1139,0,0
2019-12-06 15:48:42,2019-12-06 16:26:48,0,2286,1,28,2,3,2,4,2,3,6,1,1,2286,0,1,2.5,3,-0.3861,0,1
2019-12-07 19:38:27,2019-12-07 19:56:18,0,1070,1,26,1,3,2,4,5,5,6,1,1,1070,0,0,2.5,4.66666666666667,-0.3861,0,0
2019-12-08 17:26:35,2019-12-08 17:47:35,0,1259,1,48,2,3,2,1,2,2,4,1,1,1259,0,1,2.5,1.66666666666667,-0.3861,0,1
2019-12-06 16:14:11,2019-12-06 16:31:40,0,1049,1,56,1,5,5,4,3,3,4,1,1,1049,0,0,5,3.33333333333333,2.1139,0,0
2019-12-10 14:50:07,2019-12-10 15:13:33,0,1405,1,24,2,2,2,5,5,5,2,1,1,1405,0,1,2,5,-0.8861,0,1
2019-12-07 14:11:30,2019-12-07 14:23:32,0,721,1,34,1,4,5,4,5,4,8,1,3,721,0,0,4.5,4.33333333333333,1.6139,0,0
2019-12-08 14:32:56,2019-12-08 15:15:05,0,2528,1,35,1,3,4,1,3,1,4,1,1,2528,0,0,3.5,1.66666666666667,0.6139,0,0
2019-12-10 06:36:07,2019-12-10 06:54:23,0,1096,1,38,2,2,1,3,4,4,4,1,1,1096,0,1,1.5,3.66666666666667,-1.3861,0,1
2019-12-10 00:31:36,2019-12-10 00:54:55,0,1399,1,23,1,1,5,1,1,1,6,1,1,1399,0,0,3,1,0.1139,0,0
2019-12-09 21:44:23,2019-12-09 22:00:47,0,984,1,22,2,3,1,4,5,5,2,1,3,984,0,1,2,4.66666666666667,-0.8861,0,1
2019-12-06 00:31:47,2019-12-06 00:54:25,0,1358,1,27,2,4,4,1,1,1,2,1,2,1358,0,1,4,1,1.1139,0,1
2019-12-07 01:40:20,2019-12-07 02:07:46,0,1645,1,63,1,1,1,1,1,1,6,1,1,1645,0,0,1,1,-1.8861,0,0
2019-12-07 19:09:38,2019-12-07 19:18:33,0,534,1,25,2,3,4,4,2,3,1,1,3,534,0,1,3.5,3,0.6139,0,1
2019-12-08 18:49:52,2019-12-08 19:21:18,0,1885,1,47,2,1,1,5,5,5,7,1,1,1885,0,1,1,5,-1.8861,0,1
2019-12-06 22:38:59,2019-12-06 23:13:06,0,2046,1,51,2,5,5,1,1,1,6,1,1,2046,0,1,5,1,2.1139,0,1
2019-12-10 08:00:46,2019-12-10 08:15:28,0,882,1,39,1,1,1,5,3,3,4,1,2,882,0,0,1,3.66666666666667,-1.8861,0,0
2019-12-06 16:50:26,2019-12-06 16:57:56,0,450,1,22,1,4,3,4,3,4,1,1,1,450,0,0,3.5,3.66666666666667,0.6139,0,0
2019-12-06 17:31:04,2019-12-06 17:51:33,0,1228,1,53,2,5,5,5,5,5,1,1,1,1228,0,1,5,5,2.1139,0,1
2019-12-07 10:42:27,2019-12-07 11:05:59,0,1412,1,43,2,1,1,1,1,1,1,1,1,1412,0,1,1,1,-1.8861,0,1
2019-12-12 19:08:46,2019-12-12 19:29:58,0,1271,1,38,2,1,3,3,4,3,1,1,1,1271,0,1,2,3.33333333333333,-0.8861,0,1
2019-12-06 16:50:19,2019-12-06 17:04:39,0,859,1,23,2,2,1,4,5,5,1,1,1,859,0,1,1.5,4.66666666666667,-1.3861,0,1
2019-12-06 13:04:03,2019-12-06 13:28:26,0,1462,1,60,1,3,4,1,1,3,1,1,1,1462,0,0,3.5,1.66666666666667,0.6139,0,0
2019-12-07 15:10:55,2019-12-07 15:33:35,0,1360,1,57,2,3,3,1,1,1,4,1,1,1360,0,1,3,1,0.1139,0,1
2019-12-08 05:52:13,2019-12-08 06:23:30,0,1876,1,67,1,3,4,4,2,1,3,1,1,1876,0,0,3.5,2.33333333333333,0.6139,0,0
2019-12-10 19:44:33,2019-12-10 21:46:16,0,7302,1,35,2,2,2,5,5,5,2,1,1,7302,0,1,2,5,-0.8861,0,1
2019-12-05 14:42:28,2019-12-05 17:11:13,0,8925,1,31,1,4,2,3,5,5,2,1,1,8925,0,0,3,4.33333333333333,0.1139,0,0
2019-12-07 03:44:02,2019-12-07 04:03:59,0,1196,1,41,1,3,3,5,5,5,2,1,1,1196,0,0,3,5,0.1139,0,0
2019-12-07 19:41:01,2019-12-07 19:55:02,0,841,1,35,2,1,5,1,1,5,2,1,1,841,0,1,3,2.33333333333333,0.1139,0,1
2019-12-08 14:38:31,2019-12-08 14:56:50,0,1098,1,44,2,1,1,1,1,1,2,1,1,1098,0,1,1,1,-1.8861,0,1
2019-12-09 16:13:33,2019-12-09 16:38:18,0,1484,1,26,2,4,3,2,2,2,2,1,1,1484,0,1,3.5,2,0.6139,0,1
2019-12-06 22:12:26,2019-12-06 22:32:18,0,1191,1,29,2,3,3,3,2,2,2,1,1,1191,0,1,3,2.33333333333333,0.1139,0,1
2019-12-07 19:29:53,2019-12-07 19:43:27,0,813,1,53,1,1,2,2,3,3,2,1,1,813,0,0,1.5,2.66666666666667,-1.3861,0,0
2019-12-08 00:08:44,2019-12-08 01:04:51,0,3366,1,50,2,5,5,2,1,1,2,1,1,3366,0,1,5,1.33333333333333,2.1139,0,1
2019-12-10 09:50:21,2019-12-10 10:26:08,0,2146,1,39,2,3,2,1,1,1,2,1,1,2146,0,1,2.5,1,-0.3861,0,1
2019-12-10 12:00:01,2019-12-10 12:21:05,0,1263,1,40,2,2,3,1,1,1,2,1,1,1263,0,1,2.5,1,-0.3861,0,1
2019-12-09 21:55:57,2019-12-09 22:10:56,0,898,1,19,2,5,5,5,5,5,2,1,1,898,0,1,5,5,2.1139,0,1
2019-12-06 13:15:39,2019-12-06 13:40:17,0,1477,1,22,2,2,3,1,2,2,2,1,1,1477,0,1,2.5,1.66666666666667,-0.3861,0,1
2019-12-05 12:25:02,2019-12-05 12:43:56,0,1134,1,37,2,4,3,5,4,5,1,1,4,1134,0,1,3.5,4.66666666666667,0.6139,0,1
2019-12-05 19:02:09,2019-12-05 19:15:23,0,794,1,53,2,1,1,4,2,2,1,1,1,794,0,1,1,2.66666666666667,-1.8861,0,1
2019-12-05 20:08:32,2019-12-05 20:22:47,0,854,1,49,1,5,5,5,5,5,1,1,2,854,0,0,5,5,2.1139,0,0
2019-12-06 19:46:01,2019-12-06 20:27:24,0,2482,1,55,2,5,5,1,3,3,1,1,1,2482,0,1,5,2.33333333333333,2.1139,0,1
2019-12-06 20:17:31,2019-12-06 20:38:28,0,1256,1,33,2,1,1,5,5,5,1,1,1,1256,0,1,1,5,-1.8861,0,1
2019-12-06 20:33:09,2019-12-06 20:46:15,0,785,1,60,2,5,1,1,1,1,1,1,1,785,0,1,3,1,0.1139,0,1
2019-12-07 06:23:33,2019-12-07 06:40:21,0,1008,1,58,1,4,4,5,5,3,1,1,1,1008,0,0,4,4.33333333333333,1.1139,0,0
2019-12-07 09:23:37,2019-12-07 10:04:29,0,2452,1,62,2,1,1,4,1,1,1,1,1,2452,0,1,1,2,-1.8861,0,1
2019-12-07 13:17:03,2019-12-07 13:35:35,0,1112,1,45,2,5,2,1,1,1,1,1,1,1112,0,1,3.5,1,0.6139,0,1
2019-12-07 20:35:28,2019-12-07 20:56:36,0,1267,1,39,1,1,2,3,2,2,1,1,1,1267,0,0,1.5,2.33333333333333,-1.3861,0,0
2019-12-07 20:30:09,2019-12-07 21:03:56,0,2027,1,23,2,2,1,4,4,4,1,1,1,2027,0,1,1.5,4,-1.3861,0,1
2019-12-09 10:16:43,2019-12-09 10:40:21,0,1417,1,48,2,3,4,1,1,1,1,1,1,1417,0,1,3.5,1,0.6139,0,1
2019-12-06 14:39:14,2019-12-10 18:00:02,0,357647,1,21,2,4,5,2,2,2,1,1,1,357647,0,1,4.5,2,1.6139,0,1
2019-12-10 21:08:30,2019-12-10 21:43:31,0,2101,1,28,1,5,5,1,1,1,1,1,1,2101,0,0,5,1,2.1139,0,0
2019-12-12 14:07:59,2019-12-12 14:22:26,0,867,1,54,1,5,5,5,5,5,1,1,1,867,0,0,5,5,2.1139,0,0
2019-12-05 23:01:36,2019-12-05 23:50:56,0,2959,1,50,2,3,3,1,1,1,1,1,1,2959,0,1,3,1,0.1139,0,1
2019-12-06 00:34:27,2019-12-06 01:12:50,0,2303,1,40,1,2,3,2,1,1,1,1,3,2303,0,0,2.5,1.33333333333333,-0.3861,0,0
2019-12-06 03:21:13,2019-12-06 03:58:58,0,2264,1,55,1,5,5,1,1,3,1,1,1,2264,0,0,5,1.66666666666667,2.1139,0,0
2019-12-06 13:46:59,2019-12-06 13:59:29,0,749,1,22,1,2,1,4,5,5,1,1,1,749,0,0,1.5,4.66666666666667,-1.3861,0,0
2019-12-06 16:39:36,2019-12-06 17:01:44,0,1327,1,33,2,1,1,4,5,5,1,1,1,1327,0,1,1,4.66666666666667,-1.8861,0,1
2019-12-06 17:23:30,2019-12-06 17:47:27,0,1437,1,45,2,4,4,1,2,2,1,1,1,1437,0,1,4,1.66666666666667,1.1139,0,1
2019-12-07 09:36:05,2019-12-07 10:03:40,0,1655,1,52,2,3,4,1,1,1,1,1,1,1655,0,1,3.5,1,0.6139,0,1
2019-12-07 11:17:52,2019-12-07 11:35:50,0,1078,1,57,2,1,1,1,1,1,1,1,1,1078,0,1,1,1,-1.8861,0,1
2019-12-08 07:54:14,2019-12-08 08:10:04,0,949,1,62,2,3,2,1,1,1,1,1,1,949,0,1,2.5,1,-0.3861,0,1
2019-12-08 10:19:02,2019-12-08 10:37:07,0,1084,1,64,2,1,1,3,3,2,1,1,1,1084,0,1,1,2.66666666666667,-1.8861,0,1
2019-12-08 12:49:50,2019-12-08 13:03:16,0,805,1,44,1,5,3,1,1,1,1,1,1,805,0,0,4,1,1.1139,0,0
2019-12-08 12:27:59,2019-12-08 16:14:22,0,13583,1,45,2,1,1,1,1,1,1,1,1,13583,0,1,1,1,-1.8861,0,1
2019-12-08 18:41:39,2019-12-08 18:56:46,0,906,1,41,2,3,3,2,4,4,1,1,1,906,0,1,3,3.33333333333333,0.1139,0,1
2019-12-05 13:18:57,2019-12-05 13:42:39,0,1421,1,38,2,2,2,1,2,3,1,1,1,1421,0,1,2,2,-0.8861,0,1
2019-12-05 19:33:46,2019-12-05 19:58:35,0,1488,1,41,1,1,1,2,2,2,1,1,1,1488,0,0,1,2,-1.8861,0,0
2019-12-06 13:23:18,2019-12-06 13:44:51,0,1293,1,60,1,3,3,3,4,4,1,1,1,1293,0,0,3,3.66666666666667,0.1139,0,0
2019-12-06 16:46:09,2019-12-06 17:42:12,0,3362,1,26,2,4,4,2,2,2,1,1,4,3362,0,1,4,2,1.1139,0,1
2019-12-06 18:03:20,2019-12-06 19:22:43,0,4763,1,46,1,5,4,3,1,1,1,1,1,4763,0,0,4.5,1.66666666666667,1.6139,0,0
2019-12-07 09:56:18,2019-12-07 10:14:30,0,1092,1,55,1,5,2,1,1,1,1,1,2,1092,0,0,3.5,1,0.6139,0,0
2019-12-07 11:52:19,2019-12-07 12:04:07,0,708,1,33,2,1,1,4,5,4,1,1,1,708,0,1,1,4.33333333333333,-1.8861,0,1
2019-12-07 12:19:34,2019-12-07 12:54:39,0,2104,1,65,2,1,2,1,1,1,1,1,1,2104,0,1,1.5,1,-1.3861,0,1
2019-12-07 16:41:14,2019-12-07 17:02:24,0,1270,1,60,2,2,1,2,1,1,1,1,1,1270,0,1,1.5,1.33333333333333,-1.3861,0,1
2019-12-07 18:46:10,2019-12-07 19:02:35,0,985,1,62,1,4,5,1,1,1,1,1,1,985,0,0,4.5,1,1.6139,0,0
2019-12-07 20:42:43,2019-12-07 20:57:48,0,904,1,34,2,2,1,1,1,1,1,1,1,904,0,1,1.5,1,-1.3861,0,1
2019-12-09 06:55:29,2019-12-09 07:19:41,0,1451,1,49,2,1,3,2,1,1,1,1,1,1451,0,1,2,1.33333333333333,-0.8861,0,1
2019-12-09 10:31:08,2019-12-09 11:01:08,0,1800,1,35,2,3,1,1,1,1,1,1,1,1800,0,1,2,1,-0.8861,0,1
2019-12-09 21:40:32,2019-12-09 22:20:52,0,2419,1,44,1,3,1,2,2,2,1,1,2,2419,0,0,2,2,-0.8861,0,0
2019-12-06 13:07:25,2019-12-06 13:21:19,0,834,1,21,2,2,2,1,2,2,1,1,3,834,0,1,2,1.66666666666667,-0.8861,0,1
2019-12-06 23:42:37,2019-12-07 00:11:23,0,1725,1,22,1,2,1,1,1,1,1,1,1,1725,0,0,1.5,1,-1.3861,0,0
2019-12-07 07:12:38,2019-12-07 07:50:20,0,2261,1,55,1,3,1,2,1,1,1,1,1,2261,0,0,2,1.33333333333333,-0.8861,0,0
2019-12-07 10:31:46,2019-12-07 11:08:47,0,2220,1,41,2,1,1,4,5,5,1,1,1,2220,0,1,1,4.66666666666667,-1.8861,0,1
2019-12-07 13:15:05,2019-12-07 13:57:04,0,2518,1,21,2,2,3,3,3,3,1,1,4,2518,0,1,2.5,3,-0.3861,0,1
2019-12-08 09:33:57,2019-12-08 10:10:53,0,2216,1,64,2,3,3,3,5,3,1,1,1,2216,0,1,3,3.66666666666667,0.1139,0,1
2019-12-09 11:05:42,2019-12-09 11:24:02,0,1099,1,29,2,4,3,1,2,1,1,1,1,1099,0,1,3.5,1.33333333333333,0.6139,0,1
2019-12-09 14:43:42,2019-12-09 15:00:12,0,990,1,18,2,4,5,1,5,5,1,1,1,990,0,1,4.5,3.66666666666667,1.6139,0,1
2019-12-12 15:43:36,2019-12-12 16:05:28,0,1311,1,41,2,5,3,3,1,1,1,1,1,1311,0,1,4,1.66666666666667,1.1139,0,1
2019-12-05 16:42:47,2019-12-05 17:00:00,0,1032,1,54,2,1,1,1,5,1,1,1,1,1032,0,1,1,2.33333333333333,-1.8861,0,1
2019-12-06 16:48:26,2019-12-06 17:42:30,0,3244,1,33,2,3,3,2,2,2,1,1,1,3244,0,1,3,2,0.1139,0,1
2019-12-06 18:40:29,2019-12-06 19:01:48,0,1278,1,54,1,3,3,4,5,5,1,1,1,1278,0,0,3,4.66666666666667,0.1139,0,0
2019-12-06 18:09:18,2019-12-06 19:21:14,0,4316,1,38,2,5,5,1,1,3,1,1,1,4316,0,1,5,1.66666666666667,2.1139,0,1
2019-12-06 19:47:53,2019-12-06 20:04:17,0,983,1,48,1,1,1,1,1,1,1,1,4,983,0,0,1,1,-1.8861,0,0
2019-12-06 21:05:18,2019-12-06 21:18:05,0,766,1,39,2,1,2,1,1,1,1,1,1,766,0,1,1.5,1,-1.3861,0,1
2019-12-06 20:56:47,2019-12-06 21:31:19,0,2071,1,56,1,1,1,1,1,1,1,1,1,2071,0,0,1,1,-1.8861,0,0
2019-12-07 09:17:52,2019-12-07 09:50:04,0,1932,1,52,1,2,2,2,1,1,1,1,1,1932,0,0,2,1.33333333333333,-0.8861,0,0
2019-12-08 11:37:47,2019-12-08 11:52:31,0,883,1,49,1,3,3,4,5,5,1,1,1,883,0,0,3,4.66666666666667,0.1139,0,0
2019-12-09 09:51:25,2019-12-09 11:15:20,0,5035,1,43,2,4,3,5,2,5,1,1,1,5035,0,1,3.5,4,0.6139,0,1
2019-12-09 14:10:44,2019-12-09 14:29:06,0,1102,1,21,1,3,5,2,3,3,1,1,1,1102,0,0,4,2.66666666666667,1.1139,0,0
2019-12-09 06:06:33,2019-12-09 06:28:17,0,1303,1,42,2,1,1,2,2,1,1,2,1,1303,1,1,1,1.66666666666667,-1.8861,1,1
2019-12-08 08:28:45,2019-12-08 09:00:58,0,1933,1,60,2,2,1,3,4,3,1,2,1,1933,1,1,1.5,3.33333333333333,-1.3861,1,1
2019-12-08 14:15:24,2019-12-08 14:29:56,0,871,1,44,1,2,2,3,3,2,1,2,1,871,1,0,2,2.66666666666667,-0.8861,1,0
2019-12-07 13:05:47,2019-12-07 13:26:16,0,1229,1,38,2,3,1,1,2,2,1,2,1,1229,1,1,2,1.66666666666667,-0.8861,1,1
2019-12-10 14:23:44,2019-12-10 15:28:34,0,3890,1,24,1,2,2,3,2,2,1,2,1,3890,1,0,2,2.33333333333333,-0.8861,1,0
2019-12-05 17:37:30,2019-12-05 17:47:37,0,607,1,26,1,2,3,4,5,4,5,2,1,607,1,0,2.5,4.33333333333333,-0.3861,1,0
2019-12-06 05:10:55,2019-12-06 05:53:40,0,2564,1,48,2,1,3,2,1,2,1,2,1,2564,1,1,2,1.66666666666667,-0.8861,1,1
2019-12-07 09:33:27,2019-12-07 10:04:57,0,1890,1,62,1,5,5,5,5,3,1,2,1,1890,1,0,5,4.33333333333333,2.1139,1,0
2019-12-07 13:33:34,2019-12-07 13:49:16,0,941,1,63,1,5,5,1,1,1,1,2,1,941,1,0,5,1,2.1139,1,0
2019-12-07 14:07:29,2019-12-07 14:25:54,0,1105,1,62,1,5,1,1,5,1,1,2,1,1105,1,0,3,2.33333333333333,0.1139,1,0
2019-12-09 09:02:06,2019-12-09 09:30:15,0,1688,1,25,2,4,5,5,1,1,1,2,1,1688,1,1,4.5,2.33333333333333,1.6139,1,1
2019-12-10 08:28:07,2019-12-10 09:30:33,0,3745,1,20,2,2,2,1,1,1,1,2,1,3745,1,1,2,1,-0.8861,1,1
2019-12-10 14:19:09,2019-12-10 14:33:21,0,852,1,22,2,2,2,5,5,2,1,2,1,852,1,1,2,4,-0.8861,1,1
2019-12-10 19:24:39,2019-12-10 19:49:04,0,1465,1,42,2,1,1,4,3,2,1,2,1,1465,1,1,1,3,-1.8861,1,1
2019-12-12 13:27:08,2019-12-12 13:40:17,0,788,1,27,2,1,5,1,1,1,1,2,1,788,1,1,3,1,0.1139,1,1
2019-12-12 15:40:36,2019-12-12 15:59:04,0,1108,1,39,2,5,5,2,5,5,1,2,1,1108,1,1,5,4,2.1139,1,1
2019-12-05 14:13:19,2019-12-05 14:42:37,0,1758,1,59,2,3,3,1,1,1,1,2,1,1758,1,1,3,1,0.1139,1,1
2019-12-05 21:49:31,2019-12-05 22:08:20,0,1129,1,42,2,1,1,3,4,2,1,2,1,1129,1,1,1,3,-1.8861,1,1
2019-12-06 18:08:55,2019-12-06 19:12:37,0,3822,1,50,2,1,2,1,1,1,1,2,1,3822,1,1,1.5,1,-1.3861,1,1
2019-12-06 13:07:25,2019-12-06 20:28:46,0,26480,1,40,2,1,4,1,1,1,1,2,4,26480,1,1,2.5,1,-0.3861,1,1
2019-12-07 18:14:41,2019-12-07 19:04:00,0,2959,1,51,2,4,4,1,1,1,1,2,1,2959,1,1,4,1,1.1139,1,1
2019-12-10 10:10:38,2019-12-10 10:29:25,0,1126,1,42,1,3,2,1,5,3,1,2,1,1126,1,0,2.5,3,-0.3861,1,0
2019-12-10 13:13:32,2019-12-10 13:28:04,0,871,1,23,1,1,1,4,4,4,1,2,1,871,1,0,1,4,-1.8861,1,0
2019-12-12 12:25:26,2019-12-12 12:51:58,0,1591,1,28,2,1,1,1,3,1,1,2,1,1591,1,1,1,1.66666666666667,-1.8861,1,1
2019-12-06 00:49:22,2019-12-06 01:17:29,0,1686,1,36,1,5,5,1,1,1,1,2,1,1686,1,0,5,1,2.1139,1,0
2019-12-06 05:48:43,2019-12-06 06:03:36,0,892,1,40,1,1,1,2,2,2,1,2,1,892,1,0,1,2,-1.8861,1,0
2019-12-06 14:37:03,2019-12-06 15:01:16,0,1453,1,57,1,1,1,1,1,1,1,2,1,1453,1,0,1,1,-1.8861,1,0
2019-12-06 19:25:07,2019-12-06 19:50:57,0,1549,1,39,2,1,1,1,1,1,1,2,1,1549,1,1,1,1,-1.8861,1,1
2019-12-06 22:23:02,2019-12-06 22:40:41,0,1059,1,54,1,5,3,5,3,5,1,2,1,1059,1,0,4,4.33333333333333,1.1139,1,0
2019-12-07 15:09:18,2019-12-07 15:33:38,0,1459,1,36,2,1,1,1,1,1,1,2,1,1459,1,1,1,1,-1.8861,1,1
2019-12-07 15:57:14,2019-12-07 16:55:39,0,3505,1,49,1,5,5,4,4,1,1,2,4,3505,1,0,5,3,2.1139,1,0
2019-12-09 09:19:02,2019-12-09 09:36:48,0,1066,1,25,2,3,4,1,1,1,1,2,1,1066,1,1,3.5,1,0.6139,1,1
2019-12-10 09:28:38,2019-12-10 12:53:24,0,12285,1,44,1,5,4,5,1,1,1,2,1,12285,1,0,4.5,2.33333333333333,1.6139,1,0
2019-12-11 11:36:15,2019-12-11 12:00:17,0,1442,1,47,1,1,1,1,1,1,1,2,1,1442,1,0,1,1,-1.8861,1,0
2019-12-07 19:01:45,2019-12-07 19:20:43,0,1137,1,34,2,2,1,1,1,1,1,2,1,1137,1,1,1.5,1,-1.3861,1,1
2019-12-10 17:13:20,2019-12-10 17:34:14,0,1253,1,45,1,3,4,3,2,2,1,2,1,1253,1,0,3.5,2.33333333333333,0.6139,1,0
2019-12-06 16:54:52,2019-12-06 17:04:32,0,580,1,45,2,1,1,1,1,1,1,2,4,580,1,1,1,1,-1.8861,1,1
2019-12-07 16:21:14,2019-12-07 16:41:37,0,1223,1,41,1,1,1,1,3,3,1,2,1,1223,1,0,1,2.33333333333333,-1.8861,1,0
2019-12-08 03:58:41,2019-12-08 04:45:10,0,2789,1,53,2,5,3,1,1,1,1,2,1,2789,1,1,4,1,1.1139,1,1
2019-12-03 21:19:03,2019-12-03 22:18:16,0,3553,1,27,2,1,1,1,1,1,1,2,1,3553,1,1,1,1,-1.8861,1,1
2019-12-12 12:53:43,2019-12-12 13:09:12,0,928,1,61,1,3,3,1,1,1,1,2,1,928,1,0,3,1,0.1139,1,0
2019-12-09 17:42:41,2019-12-09 17:48:06,0,325,1,30,1,3,4,5,4,3,5,2,2,325,1,0,3.5,4,0.6139,1,0
2019-12-08 14:10:58,2019-12-08 14:20:23,0,565,1,33,1,3,3,3,3,3,5,2,3,565,1,0,3,3,0.1139,1,0
2019-12-10 15:13:32,2019-12-10 15:36:46,0,1394,1,27,1,3,4,3,3,2,5,2,1,1394,1,0,3.5,2.66666666666667,0.6139,1,0
2019-12-07 14:17:30,2019-12-07 14:35:05,0,1054,1,42,2,4,4,2,5,5,2,2,1,1054,1,1,4,4,1.1139,1,1
2019-12-10 11:41:43,2019-12-10 11:53:43,0,720,1,38,1,3,4,2,3,4,4,2,1,720,1,0,3.5,3,0.6139,1,0
2019-12-09 07:29:15,2019-12-09 07:48:15,0,1140,1,25,1,2,3,3,4,3,5,2,4,1140,1,0,2.5,3.33333333333333,-0.3861,1,0
2019-12-08 07:51:17,2019-12-08 08:11:39,0,1222,1,62,1,2,2,4,1,1,1,2,1,1222,1,0,2,2,-0.8861,1,0
2019-12-07 13:46:38,2019-12-07 14:15:00,0,1701,1,63,1,5,5,5,5,1,1,2,1,1701,1,0,5,3.66666666666667,2.1139,1,0
2019-12-06 20:24:58,2019-12-06 20:51:06,0,1568,1,60,2,3,4,1,1,1,1,2,1,1568,1,1,3.5,1,0.6139,1,1
2019-12-08 19:01:43,2019-12-08 19:17:12,0,928,1,45,2,2,2,4,3,4,1,2,1,928,1,1,2,3.66666666666667,-0.8861,1,1
2019-12-05 14:37:42,2019-12-05 14:45:44,0,481,1,29,1,4,3,3,4,2,1,2,1,481,1,0,3.5,3,0.6139,1,0
2019-12-07 17:49:30,2019-12-07 18:09:11,0,1181,1,62,2,4,4,3,1,3,1,2,1,1181,1,1,4,2.33333333333333,1.1139,1,1
2019-12-09 09:13:13,2019-12-09 10:06:55,0,3222,1,20,2,3,3,2,1,1,1,2,3,3222,1,1,3,1.33333333333333,0.1139,1,1
2019-12-08 12:56:59,2019-12-08 13:10:28,0,808,1,49,1,2,3,3,3,3,1,2,1,808,1,0,2.5,3,-0.3861,1,0
2019-12-09 18:12:00,2019-12-09 18:23:35,0,695,1,38,1,2,2,2,1,1,1,2,1,695,1,0,2,1.33333333333333,-0.8861,1,0
2019-12-12 13:13:39,2019-12-12 13:42:56,0,1756,1,63,1,3,4,1,1,1,1,2,1,1756,1,0,3.5,1,0.6139,1,0
2019-12-09 07:41:06,2019-12-09 08:07:25,0,1579,1,20,2,2,3,3,5,5,2,2,1,1579,1,1,2.5,4.33333333333333,-0.3861,1,1
2019-12-07 10:27:10,2019-12-07 10:49:40,0,1349,1,61,1,4,4,1,1,1,2,2,1,1349,1,0,4,1,1.1139,1,0
2019-12-07 02:12:55,2019-12-07 02:57:30,0,2675,1,62,2,4,4,1,1,1,1,2,1,2675,1,1,4,1,1.1139,1,1
2019-12-07 15:13:43,2019-12-07 15:28:58,0,914,1,37,2,3,2,3,4,4,1,2,1,914,1,1,2.5,3.66666666666667,-0.3861,1,1
2019-12-12 14:40:43,2019-12-12 14:50:04,0,560,1,29,1,2,3,2,4,3,1,2,1,560,1,0,2.5,3,-0.3861,1,0
2019-12-06 13:18:32,2019-12-06 13:53:30,0,2097,1,55,2,2,4,2,2,2,1,2,1,2097,1,1,3,2,0.1139,1,1
2019-12-06 18:35:00,2019-12-06 18:59:30,0,1469,1,34,2,4,3,4,5,5,1,2,1,1469,1,1,3.5,4.66666666666667,0.6139,1,1
2019-12-06 19:14:21,2019-12-06 19:42:10,0,1668,1,43,2,3,3,3,4,4,1,2,1,1668,1,1,3,3.66666666666667,0.1139,1,1
2019-12-06 21:50:56,2019-12-06 22:34:32,0,2615,1,62,1,2,3,1,2,1,1,2,1,2615,1,0,2.5,1.33333333333333,-0.3861,1,0
2019-12-07 01:52:40,2019-12-07 02:14:04,0,1284,1,59,2,3,3,1,2,4,1,2,1,1284,1,1,3,2.33333333333333,0.1139,1,1
2019-12-07 07:55:55,2019-12-07 08:09:46,0,830,1,38,2,4,3,4,4,4,1,2,1,830,1,1,3.5,4,0.6139,1,1
2019-12-07 18:07:59,2019-12-07 20:52:58,0,9899,1,43,1,2,2,4,3,3,1,2,1,9899,1,0,2,3.33333333333333,-0.8861,1,0
2019-12-09 17:51:32,2019-12-09 18:06:00,0,867,1,41,2,2,2,2,4,4,1,2,1,867,1,1,2,3.33333333333333,-0.8861,1,1
2019-12-09 18:13:33,2019-12-09 18:35:26,0,1312,1,46,2,3,4,1,2,2,1,2,1,1312,1,1,3.5,1.66666666666667,0.6139,1,1
2019-12-10 02:19:17,2019-12-10 02:43:50,0,1472,1,47,1,3,2,3,3,3,1,2,1,1472,1,0,2.5,3,-0.3861,1,0
2019-12-10 12:40:59,2019-12-10 14:36:09,0,6910,1,47,2,4,4,2,2,3,1,2,1,6910,1,1,4,2.33333333333333,1.1139,1,1
2019-12-10 18:25:59,2019-12-10 18:51:23,0,1524,1,40,2,3,4,2,3,3,1,2,3,1524,1,1,3.5,2.66666666666667,0.6139,1,1
2019-12-10 19:28:28,2019-12-10 19:57:02,0,1714,1,48,2,4,4,1,1,1,1,2,1,1714,1,1,4,1,1.1139,1,1
2019-12-11 06:45:01,2019-12-11 07:06:57,0,1315,1,25,2,3,3,1,2,1,1,2,1,1315,1,1,3,1.33333333333333,0.1139,1,1
2019-12-11 13:01:07,2019-12-11 13:40:42,0,2374,1,42,1,4,3,5,5,5,1,2,1,2374,1,0,3.5,5,0.6139,1,0
2019-12-12 13:27:43,2019-12-12 13:50:48,0,1384,1,39,2,3,3,2,4,2,1,2,1,1384,1,1,3,2.66666666666667,0.1139,1,1
2019-12-06 22:46:18,2019-12-06 23:26:58,0,2440,1,43,2,1,2,2,4,4,1,2,1,2440,1,1,1.5,3.33333333333333,-1.3861,1,1
2019-12-07 05:15:05,2019-12-07 06:24:04,0,4139,1,65,1,3,2,2,1,1,1,2,1,4139,1,0,2.5,1.33333333333333,-0.3861,1,0
2019-12-07 09:17:49,2019-12-07 09:55:23,0,2254,1,62,1,2,1,2,1,1,1,2,1,2254,1,0,1.5,1.33333333333333,-1.3861,1,0
2019-12-08 00:25:56,2019-12-08 00:41:29,0,932,1,29,2,3,2,4,4,3,1,2,1,932,1,1,2.5,3.66666666666667,-0.3861,1,1
2019-12-10 16:25:46,2019-12-10 17:02:11,0,2184,1,28,2,5,4,1,2,2,1,2,1,2184,1,1,4.5,1.66666666666667,1.6139,1,1
2019-12-10 19:56:11,2019-12-10 20:18:12,0,1320,1,24,2,2,3,2,3,2,1,2,1,1320,1,1,2.5,2.33333333333333,-0.3861,1,1
2019-12-06 22:23:09,2019-12-06 22:32:39,0,569,1,41,1,1,2,3,3,2,1,2,1,569,1,0,1.5,2.66666666666667,-1.3861,1,0
2019-12-07 10:40:29,2019-12-07 10:59:40,0,1150,1,61,2,2,2,2,2,1,1,2,1,1150,1,1,2,1.66666666666667,-0.8861,1,1
2019-12-07 11:39:05,2019-12-07 11:54:16,0,910,1,51,2,2,2,2,2,2,1,2,1,910,1,1,2,2,-0.8861,1,1
2019-12-07 11:38:16,2019-12-07 11:59:24,0,1267,1,20,2,2,5,1,1,1,1,2,1,1267,1,1,3.5,1,0.6139,1,1
2019-12-07 16:28:49,2019-12-07 17:07:05,0,2296,1,60,2,1,1,3,5,3,1,2,1,2296,1,1,1,3.66666666666667,-1.8861,1,1
2019-12-10 14:29:56,2019-12-10 16:30:22,0,7225,1,47,1,3,3,1,1,1,1,2,1,7225,1,0,3,1,0.1139,1,0
2019-12-12 19:25:55,2019-12-12 21:35:16,0,7761,1,42,2,3,2,2,2,2,1,2,1,7761,1,1,2.5,2,-0.3861,1,1
2019-12-05 16:34:54,2019-12-05 17:08:08,0,1994,1,35,1,4,2,1,2,2,1,2,1,1994,1,0,3,1.66666666666667,0.1139,1,0
2019-12-06 16:27:20,2019-12-06 16:47:19,0,1199,1,37,1,5,1,5,4,5,1,2,1,1199,1,0,3,4.66666666666667,0.1139,1,0
2019-12-06 18:51:57,2019-12-06 19:14:11,0,1334,1,45,2,2,2,1,1,1,1,2,1,1334,1,1,2,1,-0.8861,1,1
2019-12-06 20:51:07,2019-12-06 21:25:26,0,2058,1,62,2,3,3,1,1,1,1,2,1,2058,1,1,3,1,0.1139,1,1
2019-12-06 21:02:13,2019-12-06 21:30:50,0,1716,1,54,2,4,3,1,1,1,1,2,1,1716,1,1,3.5,1,0.6139,1,1
2019-12-07 13:12:28,2019-12-07 13:37:57,0,1529,1,46,2,4,4,1,1,1,1,2,3,1529,1,1,4,1,1.1139,1,1
2019-12-10 19:22:54,2019-12-10 20:25:35,0,3760,1,24,2,2,4,4,3,3,4,2,1,3760,1,1,3,3.33333333333333,0.1139,1,1
2019-12-10 12:59:58,2019-12-10 13:11:17,0,679,1,29,1,3,4,3,2,4,5,2,1,679,1,0,3.5,3,0.6139,1,0
2019-12-05 13:23:29,2019-12-05 13:28:33,0,303,1,27,1,3,3,3,3,3,4,2,1,303,1,0,3,3,0.1139,1,0
2019-12-10 18:56:28,2019-12-10 19:11:13,0,885,1,33,2,5,5,4,3,5,5,2,1,885,1,1,5,4,2.1139,1,1
2019-12-09 10:58:20,2019-12-09 11:06:42,0,502,1,27,1,3,2,3,2,3,5,2,1,502,1,0,2.5,2.66666666666667,-0.3861,1,0
2019-12-08 11:07:33,2019-12-08 11:27:07,0,1174,1,44,1,4,5,1,1,1,5,2,1,1174,1,0,4.5,1,1.6139,1,0
2019-12-10 14:28:25,2019-12-10 14:52:21,0,1435,1,18,2,4,2,3,4,1,3,2,1,1435,1,1,3,2.66666666666667,0.1139,1,1
2019-12-06 17:13:17,2019-12-06 17:35:35,0,1337,1,57,1,2,4,3,5,4,2,2,1,1337,1,0,3,4,0.1139,1,0
2019-12-05 13:28:55,2019-12-05 13:43:34,0,878,1,38,1,3,2,3,3,4,2,2,1,878,1,0,2.5,3.33333333333333,-0.3861,1,0
2019-12-09 09:17:25,2019-12-09 09:41:36,0,1450,1,25,2,3,3,2,2,2,1,2,1,1450,1,1,3,2,0.1139,1,1
2019-12-06 21:05:03,2019-12-06 21:46:47,0,2503,1,60,1,4,5,2,3,3,1,2,1,2503,1,0,4.5,2.66666666666667,1.6139,1,0
2019-12-08 12:53:29,2019-12-08 13:35:07,0,2497,1,49,1,4,4,1,3,3,1,2,1,2497,1,0,4,2.33333333333333,1.1139,1,0
2019-12-07 16:54:48,2019-12-07 17:08:09,0,801,1,48,1,1,3,3,5,5,1,2,1,801,1,0,2,4.33333333333333,-0.8861,1,0
2019-12-11 08:28:43,2019-12-11 08:44:43,0,960,1,24,2,2,1,1,1,1,1,2,1,960,1,1,1.5,1,-1.3861,1,1
2019-12-07 12:59:50,2019-12-07 13:25:48,0,1557,1,56,1,3,4,4,3,3,1,2,4,1557,1,0,3.5,3.33333333333333,0.6139,1,0
2019-12-07 15:06:03,2019-12-07 17:53:52,0,10069,1,49,2,3,1,2,2,2,1,2,1,10069,1,1,2,2,-0.8861,1,1
2019-12-10 11:08:38,2019-12-10 11:59:45,0,3067,1,30,2,3,5,4,3,4,6,2,1,3067,1,1,4,3.66666666666667,1.1139,1,1
2019-12-07 08:10:59,2019-12-07 08:24:20,0,800,1,45,2,2,4,2,3,3,2,2,4,800,1,1,3,2.66666666666667,0.1139,1,1
2019-12-07 22:02:59,2019-12-07 22:23:16,0,1216,1,48,2,3,3,4,4,4,2,2,1,1216,1,1,3,4,0.1139,1,1
2019-12-10 06:37:09,2019-12-10 08:00:07,0,4977,1,38,1,3,4,1,4,4,2,2,1,4977,1,0,3.5,3,0.6139,1,0
2019-12-09 07:35:13,2019-12-09 07:47:51,0,758,1,38,2,3,3,3,3,3,2,2,1,758,1,1,3,3,0.1139,1,1
2019-12-10 15:32:43,2019-12-10 15:40:49,0,485,1,23,1,3,3,3,3,3,2,2,1,485,1,0,3,3,0.1139,1,0
2019-12-12 12:47:29,2019-12-12 13:10:04,0,1354,1,51,1,2,3,3,2,2,2,2,1,1354,1,0,2.5,2.33333333333333,-0.3861,1,0
2019-12-05 14:10:16,2019-12-05 14:26:09,0,952,1,38,2,4,3,2,2,3,2,2,1,952,1,1,3.5,2.33333333333333,0.6139,1,1
2019-12-05 13:43:55,2019-12-05 20:03:05,0,22749,1,32,2,4,3,5,5,5,1,2,1,22749,1,1,3.5,5,0.6139,1,1
2019-12-06 13:50:42,2019-12-06 14:12:48,0,1326,1,52,2,5,5,5,5,5,1,2,1,1326,1,1,5,5,2.1139,1,1
2019-12-06 23:48:18,2019-12-07 00:08:18,0,1199,1,20,2,1,2,4,5,5,1,2,1,1199,1,1,1.5,4.66666666666667,-1.3861,1,1
2019-12-07 15:42:20,2019-12-07 16:06:56,0,1476,1,51,2,2,3,4,5,5,1,2,1,1476,1,1,2.5,4.66666666666667,-0.3861,1,1
2019-12-07 22:28:45,2019-12-07 22:52:56,0,1450,1,56,2,2,2,1,4,4,1,2,1,1450,1,1,2,3,-0.8861,1,1
2019-12-05 14:03:57,2019-12-05 14:13:35,0,578,1,29,1,3,1,4,3,2,1,2,1,578,1,0,2,3,-0.8861,1,0
2019-12-05 14:06:15,2019-12-05 14:25:38,0,1162,1,44,1,2,2,4,5,5,1,2,1,1162,1,0,2,4.66666666666667,-0.8861,1,0
2019-12-05 14:25:08,2019-12-05 14:51:13,0,1564,1,33,2,4,4,1,3,1,1,2,1,1564,1,1,4,1.66666666666667,1.1139,1,1
2019-12-05 14:44:52,2019-12-05 15:05:50,0,1257,1,51,2,2,3,1,3,3,1,2,1,1257,1,1,2.5,2.33333333333333,-0.3861,1,1
2019-12-06 05:44:40,2019-12-06 05:52:27,0,466,1,31,1,4,3,3,3,4,1,2,1,466,1,0,3.5,3.33333333333333,0.6139,1,0
2019-12-06 19:58:01,2019-12-06 20:18:53,0,1252,1,60,2,3,4,1,4,3,1,2,1,1252,1,1,3.5,2.66666666666667,0.6139,1,1
2019-12-06 19:51:23,2019-12-06 20:29:30,0,2286,1,64,1,3,2,4,3,3,1,2,1,2286,1,0,2.5,3.33333333333333,-0.3861,1,0
2019-12-06 20:21:44,2019-12-06 20:52:06,0,1821,1,35,2,2,2,4,4,4,1,2,1,1821,1,1,2,4,-0.8861,1,1
2019-12-07 06:27:57,2019-12-07 07:10:42,0,2565,1,48,2,2,2,2,4,4,1,2,1,2565,1,1,2,3.33333333333333,-0.8861,1,1
2019-12-07 07:21:14,2019-12-07 07:33:31,0,736,1,52,2,3,3,2,4,3,1,2,1,736,1,1,3,3,0.1139,1,1
2019-12-07 07:13:24,2019-12-07 07:45:22,0,1917,1,63,1,3,3,4,2,2,1,2,1,1917,1,0,3,2.66666666666667,0.1139,1,0
2019-12-07 12:13:57,2019-12-07 12:34:17,0,1220,1,44,1,5,5,1,1,1,1,2,4,1220,1,0,5,1,2.1139,1,0
2019-12-07 11:49:03,2019-12-07 12:36:36,0,2852,1,52,2,2,3,1,5,5,1,2,1,2852,1,1,2.5,3.66666666666667,-0.3861,1,1
2019-12-07 12:25:56,2019-12-07 12:42:31,0,995,1,53,2,1,1,2,3,3,1,2,1,995,1,1,1,2.66666666666667,-1.8861,1,1
2019-12-07 12:47:55,2019-12-07 13:11:12,0,1396,1,60,2,3,3,1,1,1,1,2,1,1396,1,1,3,1,0.1139,1,1
2019-12-07 16:22:50,2019-12-07 16:50:03,0,1633,1,19,1,2,2,2,4,4,1,2,1,1633,1,0,2,3.33333333333333,-0.8861,1,0
2019-12-07 21:11:57,2019-12-07 21:29:34,0,1057,1,52,2,3,2,3,4,3,1,2,1,1057,1,1,2.5,3.33333333333333,-0.3861,1,1
2019-12-08 15:29:23,2019-12-08 15:49:23,0,1200,1,31,2,4,4,3,3,3,1,2,1,1200,1,1,4,3,1.1139,1,1
2019-12-08 17:57:06,2019-12-08 18:16:02,0,1135,1,20,2,4,4,2,4,4,1,2,1,1135,1,1,4,3.33333333333333,1.1139,1,1
2019-12-09 08:12:26,2019-12-09 08:34:41,0,1335,1,27,2,1,1,1,1,1,1,2,1,1335,1,1,1,1,-1.8861,1,1
2019-12-08 09:27:43,2019-12-10 08:38:14,0,169831,1,49,1,2,3,4,3,2,1,2,1,169831,1,0,2.5,3,-0.3861,1,0
2019-12-10 08:09:27,2019-12-10 08:42:22,0,1974,1,43,1,2,4,3,4,2,1,2,1,1974,1,0,3,3,0.1139,1,0
2019-12-10 13:48:04,2019-12-10 14:11:53,0,1428,1,22,2,2,2,2,4,5,1,2,1,1428,1,1,2,3.66666666666667,-0.8861,1,1
2019-12-10 22:27:51,2019-12-10 23:02:04,0,2052,1,34,2,4,4,3,4,3,1,2,1,2052,1,1,4,3.33333333333333,1.1139,1,1
2019-12-11 06:29:57,2019-12-11 07:10:51,0,2453,1,27,1,1,1,1,2,1,1,2,1,2453,1,0,1,1.33333333333333,-1.8861,1,0
2019-12-10 22:57:27,2019-12-11 16:26:37,0,62950,1,37,2,2,2,1,4,3,1,2,1,62950,1,1,2,2.66666666666667,-0.8861,1,1
2019-12-12 12:22:21,2019-12-12 12:55:26,0,1984,1,61,1,2,2,4,1,1,1,2,1,1984,1,0,2,2,-0.8861,1,0
2019-12-12 13:25:47,2019-12-12 13:43:42,0,1074,1,55,1,2,3,4,4,4,1,2,1,1074,1,0,2.5,4,-0.3861,1,0
2019-12-05 12:43:44,2019-12-05 12:58:10,0,865,1,51,2,1,1,1,1,1,1,2,1,865,1,1,1,1,-1.8861,1,1
2019-12-05 13:01:45,2019-12-05 13:33:30,0,1904,1,40,1,1,1,3,3,3,1,2,1,1904,1,0,1,3,-1.8861,1,0
2019-12-05 21:43:50,2019-12-05 22:00:40,0,1010,1,57,1,3,4,1,4,1,1,2,1,1010,1,0,3.5,2,0.6139,1,0
2019-12-06 17:29:58,2019-12-06 17:52:04,0,1326,1,52,1,4,4,3,4,3,1,2,4,1326,1,0,4,3.33333333333333,1.1139,1,0
2019-12-06 18:51:00,2019-12-06 19:07:11,0,971,1,34,2,3,3,3,3,3,1,2,1,971,1,1,3,3,0.1139,1,1
2019-12-06 19:32:14,2019-12-06 20:09:06,0,2212,1,58,1,5,5,1,1,1,1,2,4,2212,1,0,5,1,2.1139,1,0
2019-12-06 22:02:50,2019-12-06 22:14:12,0,681,1,59,1,3,3,3,3,3,1,2,1,681,1,0,3,3,0.1139,1,0
2019-12-06 19:50:01,2019-12-06 22:43:55,0,10433,1,62,1,4,4,3,2,1,1,2,1,10433,1,0,4,2,1.1139,1,0
2019-12-07 03:00:51,2019-12-07 03:15:48,0,896,1,53,1,4,5,2,4,4,1,2,1,896,1,0,4.5,3.33333333333333,1.6139,1,0
2019-12-07 06:56:53,2019-12-07 07:13:04,0,970,1,31,1,3,4,1,2,2,1,2,1,970,1,0,3.5,1.66666666666667,0.6139,1,0
2019-12-07 10:28:13,2019-12-07 11:01:22,0,1988,1,65,1,5,5,1,5,1,1,2,1,1988,1,0,5,2.33333333333333,2.1139,1,0
2019-12-07 11:16:53,2019-12-07 11:37:56,0,1262,1,52,1,1,3,3,3,2,1,2,1,1262,1,0,2,2.66666666666667,-0.8861,1,0
2019-12-07 10:36:40,2019-12-07 11:39:33,0,3773,1,59,1,3,4,3,4,4,1,2,1,3773,1,0,3.5,3.66666666666667,0.6139,1,0
2019-12-07 13:11:14,2019-12-07 13:50:31,0,2357,1,41,2,3,2,4,5,4,1,2,1,2357,1,1,2.5,4.33333333333333,-0.3861,1,1
2019-12-07 17:46:45,2019-12-07 18:09:12,0,1346,1,63,2,3,1,2,1,1,1,2,1,1346,1,1,2,1.33333333333333,-0.8861,1,1
2019-12-07 18:57:35,2019-12-07 19:08:54,0,678,1,29,1,3,3,3,3,3,1,2,1,678,1,0,3,3,0.1139,1,0
2019-12-07 22:01:09,2019-12-07 22:24:31,0,1401,1,53,1,3,3,3,3,3,1,2,1,1401,1,0,3,3,0.1139,1,0
2019-12-07 23:56:45,2019-12-08 00:16:42,0,1197,1,34,1,2,2,1,1,1,1,2,1,1197,1,0,2,1,-0.8861,1,0
2019-12-08 07:57:59,2019-12-08 08:12:00,0,841,1,64,1,3,4,2,3,1,1,2,1,841,1,0,3.5,2,0.6139,1,0
2019-12-08 08:39:21,2019-12-08 09:00:49,0,1287,1,48,1,3,2,1,1,1,1,2,1,1287,1,0,2.5,1,-0.3861,1,0
2019-12-08 09:32:06,2019-12-08 09:56:03,0,1436,1,47,1,4,3,4,4,4,1,2,1,1436,1,0,3.5,4,0.6139,1,0
2019-12-08 18:06:44,2019-12-08 18:34:07,0,1642,1,37,2,2,2,4,5,5,1,2,1,1642,1,1,2,4.66666666666667,-0.8861,1,1
2019-12-09 08:03:31,2019-12-09 08:15:34,0,723,1,37,2,1,1,1,1,1,1,2,1,723,1,1,1,1,-1.8861,1,1
2019-12-09 21:40:06,2019-12-09 21:56:09,0,962,1,19,1,4,4,5,5,5,1,2,1,962,1,0,4,5,1.1139,1,0
2019-12-10 10:57:58,2019-12-10 11:54:56,0,3417,1,40,2,2,2,2,2,2,1,2,1,3417,1,1,2,2,-0.8861,1,1
2019-12-10 12:29:20,2019-12-10 13:06:13,0,2212,1,48,1,2,3,4,1,3,1,2,1,2212,1,0,2.5,2.66666666666667,-0.3861,1,0
2019-12-10 14:33:00,2019-12-10 14:44:01,0,661,1,25,1,2,2,2,2,2,1,2,1,661,1,0,2,2,-0.8861,1,0
2019-12-10 15:19:45,2019-12-10 15:41:45,0,1319,1,34,2,3,3,3,3,3,1,2,1,1319,1,1,3,3,0.1139,1,1
2019-12-12 14:11:03,2019-12-12 14:24:21,0,798,1,24,2,3,3,1,1,1,1,2,1,798,1,1,3,1,0.1139,1,1
2019-12-07 23:05:10,2019-12-14 20:00:55,0,593744,1,30,2,2,1,3,2,2,1,2,1,593744,1,1,1.5,2.33333333333333,-1.3861,1,1
2019-12-06 13:59:39,2019-12-06 14:27:54,0,1694,1,37,2,4,4,1,2,2,1,2,1,1694,1,1,4,1.66666666666667,1.1139,1,1
2019-12-06 15:12:52,2019-12-06 15:43:18,0,1826,1,45,1,3,3,1,3,1,1,2,1,1826,1,0,3,1.66666666666667,0.1139,1,0
2019-12-07 08:32:59,2019-12-07 08:55:45,0,1365,1,31,1,4,4,4,4,4,1,2,1,1365,1,0,4,4,1.1139,1,0
2019-12-10 21:21:11,2019-12-10 21:43:56,0,1364,1,30,2,1,1,1,1,1,1,2,1,1364,1,1,1,1,-1.8861,1,1
2019-12-07 08:58:29,2019-12-07 09:21:27,0,1378,1,37,2,1,1,1,1,1,1,2,1,1378,1,1,1,1,-1.8861,1,1
2019-12-07 12:58:36,2019-12-07 13:17:49,0,1153,1,57,1,3,3,3,3,3,1,2,1,1153,1,0,3,3,0.1139,1,0
2019-12-08 08:12:50,2019-12-08 08:33:19,0,1229,1,29,1,4,2,2,2,3,1,2,1,1229,1,0,3,2.33333333333333,0.1139,1,0
2019-12-08 10:01:16,2019-12-08 10:26:40,0,1523,1,52,2,1,1,2,5,4,1,2,1,1523,1,1,1,3.66666666666667,-1.8861,1,1
2019-12-08 10:29:25,2019-12-08 10:50:49,0,1283,1,61,2,3,2,1,4,2,1,2,4,1283,1,1,2.5,2.33333333333333,-0.3861,1,1
2019-12-07 17:36:12,2019-12-07 17:46:51,0,638,1,44,1,3,5,3,4,3,5,2,2,638,1,0,4,3.33333333333333,1.1139,1,0
2019-12-06 14:07:33,2019-12-06 14:18:08,0,635,1,33,1,4,3,5,5,4,6,2,1,635,1,0,3.5,4.66666666666667,0.6139,1,0
2019-12-05 14:26:07,2019-12-05 14:35:32,0,564,1,28,2,2,3,3,3,3,4,2,1,564,1,1,2.5,3,-0.3861,1,1
2019-12-07 05:17:59,2019-12-07 05:31:09,0,790,1,43,1,4,4,4,4,4,6,2,2,790,1,0,4,4,1.1139,1,0
2019-12-08 12:21:51,2019-12-08 12:43:45,0,1313,1,36,1,4,4,4,4,4,3,2,1,1313,1,0,4,4,1.1139,1,0
2019-12-07 16:48:30,2019-12-07 17:26:06,0,2256,1,65,1,3,4,4,4,4,4,2,1,2256,1,0,3.5,4,0.6139,1,0
2019-12-06 16:11:53,2019-12-06 16:31:41,0,1188,1,62,1,4,4,1,1,1,1,2,1,1188,1,0,4,1,1.1139,1,0
2019-12-10 20:24:27,2019-12-10 20:34:31,0,603,1,35,2,3,3,3,3,3,3,2,1,603,1,1,3,3,0.1139,1,1
2019-12-10 16:14:03,2019-12-10 16:38:35,0,1472,1,31,2,3,3,3,4,4,1,2,1,1472,1,1,3,3.66666666666667,0.1139,1,1
2019-12-10 20:10:05,2019-12-10 20:19:57,0,591,1,34,1,4,4,4,4,4,1,2,1,591,1,0,4,4,1.1139,1,0
2019-12-05 12:41:17,2019-12-05 13:10:16,0,1738,1,48,1,4,4,2,2,2,1,2,1,1738,1,0,4,2,1.1139,1,0
2019-12-08 17:45:41,2019-12-08 18:09:18,0,1417,1,47,2,2,3,2,4,3,1,2,1,1417,1,1,2.5,3,-0.3861,1,1
2019-12-03 18:44:04,2019-12-03 18:49:56,0,352,1,33,2,4,4,4,4,4,7,2,3,352,1,1,4,4,1.1139,1,1
2019-12-06 17:21:17,2019-12-06 17:28:10,0,413,1,36,2,3,5,4,3,4,5,2,1,413,1,1,4,3.66666666666667,1.1139,1,1
2019-12-07 14:43:19,2019-12-07 15:10:59,0,1659,1,34,2,5,4,5,4,5,5,2,1,1659,1,1,4.5,4.66666666666667,1.6139,1,1
2019-12-05 20:48:28,2019-12-05 20:53:23,0,295,1,23,1,2,3,4,4,4,5,2,1,295,1,0,2.5,4,-0.3861,1,0
2019-12-06 20:40:33,2019-12-06 21:21:42,0,2468,1,44,1,4,3,3,4,4,3,2,1,2468,1,0,3.5,3.66666666666667,0.6139,1,0
2019-12-05 14:09:05,2019-12-05 14:31:32,0,1346,1,65,1,3,2,4,4,2,2,2,1,1346,1,0,2.5,3.33333333333333,-0.3861,1,0
2019-12-06 20:03:28,2019-12-06 20:47:27,0,2638,1,19,1,2,4,3,5,5,2,2,1,2638,1,0,3,4.33333333333333,0.1139,1,0
2019-12-06 21:26:43,2019-12-06 21:49:32,0,1369,1,24,1,4,3,3,2,2,2,2,1,1369,1,0,3.5,2.33333333333333,0.6139,1,0
2019-12-06 22:59:22,2019-12-06 23:26:53,0,1650,1,29,1,2,2,5,5,5,2,2,1,1650,1,0,2,5,-0.8861,1,0
2019-12-10 10:43:29,2019-12-10 10:52:54,0,564,1,49,2,4,4,4,3,4,2,2,1,564,1,1,4,3.66666666666667,1.1139,1,1
2019-12-05 13:40:41,2019-12-05 13:58:25,0,1063,1,51,2,3,2,2,1,1,1,2,1,1063,1,1,2.5,1.33333333333333,-0.3861,1,1
2019-12-05 14:23:16,2019-12-05 14:49:57,0,1600,1,60,1,5,5,5,5,5,1,2,1,1600,1,0,5,5,2.1139,1,0
2019-12-06 16:23:10,2019-12-06 16:42:36,0,1165,1,55,1,2,2,5,3,5,1,2,1,1165,1,0,2,4.33333333333333,-0.8861,1,0
2019-12-06 16:07:47,2019-12-06 16:50:21,0,2553,1,50,2,2,3,2,3,3,1,2,1,2553,1,1,2.5,2.66666666666667,-0.3861,1,1
2019-12-06 21:15:17,2019-12-06 21:29:47,0,870,1,29,1,2,2,4,5,3,1,2,1,870,1,0,2,4,-0.8861,1,0
2019-12-06 21:45:23,2019-12-06 21:55:36,0,612,1,25,1,2,2,5,5,4,1,2,1,612,1,0,2,4.66666666666667,-0.8861,1,0
2019-12-07 00:34:06,2019-12-07 00:55:59,0,1312,1,47,1,5,5,4,1,1,1,2,1,1312,1,0,5,2,2.1139,1,0
2019-12-07 10:08:41,2019-12-07 10:23:34,0,893,1,26,2,3,4,5,4,3,1,2,1,893,1,1,3.5,4,0.6139,1,1
2019-12-07 10:11:06,2019-12-07 10:34:56,0,1430,1,51,2,4,4,1,1,2,1,2,1,1430,1,1,4,1.33333333333333,1.1139,1,1
2019-12-07 11:23:35,2019-12-07 11:37:15,0,819,1,28,2,2,4,2,5,5,1,2,1,819,1,1,3,4,0.1139,1,1
2019-12-07 19:09:06,2019-12-07 19:36:45,0,1659,1,29,2,4,3,2,5,5,1,2,1,1659,1,1,3.5,4,0.6139,1,1
2019-12-09 10:53:49,2019-12-09 11:11:14,0,1045,1,21,2,2,2,1,3,2,1,2,1,1045,1,1,2,2,-0.8861,1,1
2019-12-10 06:56:42,2019-12-10 07:24:50,0,1688,1,45,1,3,2,2,4,1,1,2,1,1688,1,0,2.5,2.33333333333333,-0.3861,1,0
2019-12-11 12:58:58,2019-12-11 13:16:01,0,1022,1,43,1,2,2,1,1,1,1,2,1,1022,1,0,2,1,-0.8861,1,0
2019-12-05 12:43:17,2019-12-05 12:58:12,0,895,1,57,2,3,3,3,3,4,1,2,1,895,1,1,3,3.33333333333333,0.1139,1,1
2019-12-05 13:32:07,2019-12-05 13:58:03,0,1556,1,59,2,2,4,1,1,1,1,2,1,1556,1,1,3,1,0.1139,1,1
2019-12-05 13:00:25,2019-12-05 15:23:57,0,8611,1,38,2,1,1,1,3,1,1,2,1,8611,1,1,1,1.66666666666667,-1.8861,1,1
2019-12-06 14:48:28,2019-12-06 15:59:03,0,4234,1,64,1,4,3,2,3,3,1,2,1,4234,1,0,3.5,2.66666666666667,0.6139,1,0
2019-12-06 17:04:52,2019-12-06 17:42:41,0,2268,1,61,1,4,4,4,4,3,1,2,1,2268,1,0,4,3.66666666666667,1.1139,1,0
2019-12-06 18:35:12,2019-12-06 18:56:09,0,1257,1,50,1,4,4,2,2,4,1,2,4,1257,1,0,4,2.66666666666667,1.1139,1,0
2019-12-06 18:46:38,2019-12-06 19:11:55,0,1517,1,63,2,1,1,4,5,4,1,2,1,1517,1,1,1,4.33333333333333,-1.8861,1,1
2019-12-06 20:13:42,2019-12-06 20:56:09,0,2547,1,21,1,3,2,4,4,4,1,2,1,2547,1,0,2.5,4,-0.3861,1,0
2019-12-06 22:32:03,2019-12-07 00:24:49,0,6765,1,51,2,4,4,3,4,4,1,2,1,6765,1,1,4,3.66666666666667,1.1139,1,1
2019-12-06 23:56:57,2019-12-07 00:29:12,0,1935,1,54,1,3,5,3,3,2,1,2,1,1935,1,0,4,2.66666666666667,1.1139,1,0
2019-12-07 08:39:56,2019-12-07 09:07:49,0,1673,1,44,2,1,1,4,4,5,1,2,1,1673,1,1,1,4.33333333333333,-1.8861,1,1
2019-12-07 09:43:26,2019-12-07 10:05:24,0,1317,1,54,1,2,2,3,4,4,1,2,1,1317,1,0,2,3.66666666666667,-0.8861,1,0
2019-12-07 11:03:07,2019-12-07 11:26:49,0,1421,1,35,2,4,4,1,2,1,1,2,1,1421,1,1,4,1.33333333333333,1.1139,1,1
2019-12-07 11:37:01,2019-12-07 11:57:46,0,1245,1,57,1,3,3,3,5,4,1,2,1,1245,1,0,3,4,0.1139,1,0
2019-12-07 12:32:47,2019-12-07 12:50:56,0,1088,1,64,1,3,3,3,1,3,1,2,1,1088,1,0,3,2.33333333333333,0.1139,1,0
2019-12-07 13:51:17,2019-12-07 14:08:26,0,1028,1,61,1,5,5,5,4,3,1,2,1,1028,1,0,5,4,2.1139,1,0
2019-12-07 16:28:56,2019-12-07 16:45:44,0,1007,1,38,1,1,2,5,4,4,1,2,1,1007,1,0,1.5,4.33333333333333,-1.3861,1,0
2019-12-07 17:24:16,2019-12-07 17:40:37,0,980,1,27,2,2,2,1,2,2,1,2,1,980,1,1,2,1.66666666666667,-0.8861,1,1
2019-12-07 21:07:41,2019-12-07 21:31:43,0,1441,1,50,1,2,3,4,5,5,1,2,1,1441,1,0,2.5,4.66666666666667,-0.3861,1,0
2019-12-07 22:57:57,2019-12-07 23:06:29,0,512,1,45,2,4,4,4,4,4,1,2,1,512,1,1,4,4,1.1139,1,1
2019-12-07 23:02:55,2019-12-07 23:31:17,0,1701,1,61,1,4,4,2,4,4,1,2,1,1701,1,0,4,3.33333333333333,1.1139,1,0
2019-12-09 06:38:38,2019-12-09 06:46:12,0,454,1,28,2,4,4,1,1,1,1,2,1,454,1,1,4,1,1.1139,1,1
2019-12-09 09:22:52,2019-12-09 10:47:18,0,5066,1,32,2,2,3,4,5,5,1,2,1,5066,1,1,2.5,4.66666666666667,-0.3861,1,1
2019-12-09 11:51:09,2019-12-09 12:14:20,0,1390,1,21,2,3,4,4,5,5,1,2,1,1390,1,1,3.5,4.66666666666667,0.6139,1,1
2019-12-09 15:24:16,2019-12-09 15:42:21,0,1084,1,22,2,3,3,2,3,3,1,2,1,1084,1,1,3,2.66666666666667,0.1139,1,1
2019-12-09 22:46:57,2019-12-09 23:14:12,0,1635,1,29,2,2,2,2,5,5,1,2,1,1635,1,1,2,4,-0.8861,1,1
2019-12-10 08:50:12,2019-12-10 09:11:56,0,1303,1,49,2,2,3,3,4,5,1,2,1,1303,1,1,2.5,4,-0.3861,1,1
2019-12-10 13:47:10,2019-12-10 14:10:54,0,1423,1,28,1,5,3,1,4,1,1,2,1,1423,1,0,4,2,1.1139,1,0
2019-12-10 16:02:12,2019-12-10 16:14:19,0,726,1,28,2,3,1,4,2,2,1,2,1,726,1,1,2,2.66666666666667,-0.8861,1,1
2019-12-11 08:24:12,2019-12-11 08:56:45,0,1952,1,49,2,1,1,3,2,2,1,2,1,1952,1,1,1,2.33333333333333,-1.8861,1,1
2019-12-12 15:19:05,2019-12-12 15:36:16,0,1031,1,31,2,1,1,1,2,2,1,2,1,1031,1,1,1,1.66666666666667,-1.8861,1,1
2019-12-05 13:33:30,2019-12-05 13:57:14,0,1423,1,44,2,3,3,4,1,1,1,2,1,1423,1,1,3,2,0.1139,1,1
2019-12-05 14:09:00,2019-12-05 14:26:22,0,1042,1,55,2,4,4,4,4,3,1,2,1,1042,1,1,4,3.66666666666667,1.1139,1,1
2019-12-05 19:41:17,2019-12-05 19:54:50,0,813,1,36,1,2,3,3,3,4,1,2,3,813,1,0,2.5,3.33333333333333,-0.3861,1,0
2019-12-06 05:35:46,2019-12-06 05:58:36,0,1370,1,41,1,3,3,4,4,4,1,2,1,1370,1,0,3,4,0.1139,1,0
2019-12-06 05:35:39,2019-12-06 06:04:45,0,1746,1,61,1,3,4,4,5,4,1,2,1,1746,1,0,3.5,4.33333333333333,0.6139,1,0
2019-12-06 13:12:01,2019-12-06 13:37:12,0,1511,1,43,1,4,4,4,3,3,1,2,1,1511,1,0,4,3.33333333333333,1.1139,1,0
2019-12-06 14:37:34,2019-12-06 14:57:12,0,1177,1,39,2,3,3,3,2,2,1,2,1,1177,1,1,3,2.33333333333333,0.1139,1,1
2019-12-06 16:50:27,2019-12-06 17:07:49,0,1042,1,55,1,4,2,2,3,2,1,2,1,1042,1,0,3,2.33333333333333,0.1139,1,0
2019-12-06 19:49:10,2019-12-06 20:03:42,0,871,1,49,1,4,4,2,2,2,1,2,3,871,1,0,4,2,1.1139,1,0
2019-12-06 20:55:31,2019-12-06 21:17:19,0,1307,1,63,1,2,3,5,2,2,1,2,1,1307,1,0,2.5,3,-0.3861,1,0
2019-12-06 21:14:09,2019-12-06 22:01:14,0,2824,1,37,1,3,4,4,4,4,1,2,1,2824,1,0,3.5,4,0.6139,1,0
2019-12-06 23:43:23,2019-12-07 00:11:04,0,1661,1,58,1,2,1,2,2,2,1,2,1,1661,1,0,1.5,2,-1.3861,1,0
2019-12-06 23:35:30,2019-12-07 00:24:03,0,2913,1,36,1,3,3,3,1,1,1,2,1,2913,1,0,3,1.66666666666667,0.1139,1,0
2019-12-05 17:33:06,2019-12-07 08:44:30,0,141083,1,40,1,3,4,1,4,1,1,2,1,141083,1,0,3.5,2,0.6139,1,0
2019-12-07 10:41:29,2019-12-07 10:55:46,0,857,1,60,1,4,3,3,2,3,1,2,4,857,1,0,3.5,2.66666666666667,0.6139,1,0
2019-12-07 10:48:51,2019-12-07 11:10:17,0,1285,1,43,2,2,2,3,3,3,1,2,1,1285,1,1,2,3,-0.8861,1,1
2019-12-07 12:10:57,2019-12-07 12:58:06,0,2828,1,58,1,5,4,1,1,1,1,2,1,2828,1,0,4.5,1,1.6139,1,0
2019-12-07 16:16:29,2019-12-07 16:30:58,0,868,1,29,1,4,5,3,4,4,1,2,1,868,1,0,4.5,3.66666666666667,1.6139,1,0
2019-12-07 19:15:15,2019-12-07 19:35:33,0,1218,1,48,2,1,1,2,2,2,1,2,1,1218,1,1,1,2,-1.8861,1,1
2019-12-07 19:21:24,2019-12-07 19:39:15,0,1070,1,39,1,1,2,4,4,4,1,2,1,1070,1,0,1.5,4,-1.3861,1,0
2019-12-07 19:29:05,2019-12-07 19:52:13,0,1387,1,59,1,4,4,1,1,1,1,2,4,1387,1,0,4,1,1.1139,1,0
2019-12-07 20:09:17,2019-12-07 20:30:07,0,1250,1,51,2,1,1,1,1,1,1,2,1,1250,1,1,1,1,-1.8861,1,1
2019-12-07 20:53:02,2019-12-07 21:08:06,0,904,1,27,2,3,2,2,2,2,1,2,1,904,1,1,2.5,2,-0.3861,1,1
2019-12-07 21:07:25,2019-12-07 21:32:06,0,1481,1,48,2,4,3,3,5,3,1,2,1,1481,1,1,3.5,3.66666666666667,0.6139,1,1
2019-12-08 07:48:55,2019-12-08 08:20:18,0,1882,1,57,2,2,2,3,3,3,1,2,1,1882,1,1,2,3,-0.8861,1,1
2019-12-08 08:57:29,2019-12-08 09:23:32,0,1563,1,64,1,2,4,1,1,1,1,2,1,1563,1,0,3,1,0.1139,1,0
2019-12-08 10:07:44,2019-12-08 10:26:46,0,1142,1,37,1,3,3,2,2,3,1,2,1,1142,1,0,3,2.33333333333333,0.1139,1,0
2019-12-08 13:31:54,2019-12-08 13:54:20,0,1346,1,22,2,2,2,3,4,4,1,2,4,1346,1,1,2,3.66666666666667,-0.8861,1,1
2019-12-08 18:44:42,2019-12-08 19:06:14,0,1292,1,32,2,2,1,2,2,2,1,2,1,1292,1,1,1.5,2,-1.3861,1,1
2019-12-08 20:45:08,2019-12-08 21:05:28,0,1220,1,37,2,2,2,5,5,5,1,2,1,1220,1,1,2,5,-0.8861,1,1
2019-12-09 08:18:45,2019-12-09 08:44:41,0,1555,1,35,2,4,4,4,4,4,1,2,1,1555,1,1,4,4,1.1139,1,1
2019-12-09 09:06:39,2019-12-09 09:26:21,0,1181,1,40,2,1,1,2,2,3,1,2,1,1181,1,1,1,2.33333333333333,-1.8861,1,1
2019-12-09 12:21:36,2019-12-09 12:49:57,0,1701,1,25,1,3,2,3,5,4,1,2,1,1701,1,0,2.5,4,-0.3861,1,0
2019-12-09 08:40:22,2019-12-09 14:04:23,0,19440,1,29,2,3,2,2,3,4,1,2,1,19440,1,1,2.5,3,-0.3861,1,1
2019-12-09 14:28:17,2019-12-09 15:11:47,0,2610,1,23,2,2,2,3,4,2,1,2,1,2610,1,1,2,3,-0.8861,1,1
2019-12-09 17:36:04,2019-12-09 17:53:59,0,1074,1,47,1,2,2,3,3,2,1,2,1,1074,1,0,2,2.66666666666667,-0.8861,1,0
2019-12-09 21:06:00,2019-12-09 21:23:11,0,1030,1,41,1,3,4,4,5,5,1,2,1,1030,1,0,3.5,4.66666666666667,0.6139,1,0
2019-12-09 23:23:28,2019-12-09 23:50:09,0,1601,1,35,1,5,5,2,4,4,1,2,1,1601,1,0,5,3.33333333333333,2.1139,1,0
2019-12-10 07:58:20,2019-12-10 08:19:07,0,1247,1,31,2,2,3,3,4,4,1,2,1,1247,1,1,2.5,3.66666666666667,-0.3861,1,1
2019-12-10 08:19:05,2019-12-10 08:55:44,0,2198,1,42,1,1,2,5,5,4,1,2,1,2198,1,0,1.5,4.66666666666667,-1.3861,1,0
2019-12-10 11:51:12,2019-12-10 12:13:33,0,1341,1,42,1,4,3,3,3,2,1,2,1,1341,1,0,3.5,2.66666666666667,0.6139,1,0
2019-12-10 11:18:32,2019-12-10 12:59:51,0,6079,1,40,1,1,1,1,1,1,1,2,1,6079,1,0,1,1,-1.8861,1,0
2019-12-10 13:06:28,2019-12-10 13:24:13,0,1064,1,48,1,5,3,1,4,4,1,2,1,1064,1,0,4,3,1.1139,1,0
2019-12-10 15:24:36,2019-12-10 15:38:51,0,854,1,48,1,3,2,3,4,3,1,2,1,854,1,0,2.5,3.33333333333333,-0.3861,1,0
2019-12-10 20:11:36,2019-12-10 20:33:30,0,1313,1,33,2,4,4,4,5,5,1,2,1,1313,1,1,4,4.66666666666667,1.1139,1,1
2019-12-11 01:04:30,2019-12-11 01:21:12,0,1001,1,23,2,3,4,5,5,5,1,2,1,1001,1,1,3.5,5,0.6139,1,1
2019-12-11 13:41:45,2019-12-11 14:01:27,0,1181,1,58,2,4,4,3,4,3,1,2,1,1181,1,1,4,3.33333333333333,1.1139,1,1
2019-12-12 10:26:49,2019-12-12 10:40:19,0,810,1,43,1,3,2,4,4,3,1,2,1,810,1,0,2.5,3.66666666666667,-0.3861,1,0
2019-12-12 10:22:32,2019-12-12 11:44:51,0,4938,1,42,1,2,2,5,5,4,1,2,1,4938,1,0,2,4.66666666666667,-0.8861,1,0
2019-12-12 12:56:46,2019-12-12 13:30:04,0,1997,1,51,1,3,4,1,1,1,1,2,1,1997,1,0,3.5,1,0.6139,1,0
2019-12-12 13:28:20,2019-12-12 13:45:23,0,1022,1,27,2,3,2,4,4,4,1,2,1,1022,1,1,2.5,4,-0.3861,1,1
2019-12-12 13:56:58,2019-12-12 14:26:34,0,1776,1,62,1,3,4,2,2,2,1,2,1,1776,1,0,3.5,2,0.6139,1,0
2019-12-05 22:40:51,2019-12-05 23:06:23,0,1531,1,49,2,1,1,2,4,4,1,2,1,1531,1,1,1,3.33333333333333,-1.8861,1,1
2019-12-06 15:31:38,2019-12-06 16:10:45,0,2347,1,46,2,3,2,4,4,4,1,2,1,2347,1,1,2.5,4,-0.3861,1,1
2019-12-06 18:48:30,2019-12-06 18:59:14,0,643,1,55,1,3,4,3,3,3,1,2,1,643,1,0,3.5,3,0.6139,1,0
2019-12-06 19:30:24,2019-12-06 19:45:03,0,878,1,58,2,4,4,2,2,2,1,2,1,878,1,1,4,2,1.1139,1,1
2019-12-06 22:45:03,2019-12-06 23:07:22,0,1338,1,47,1,5,3,1,4,4,1,2,1,1338,1,0,4,3,1.1139,1,0
2019-12-07 10:21:29,2019-12-07 10:52:14,0,1845,1,47,1,2,2,4,3,2,1,2,2,1845,1,0,2,3,-0.8861,1,0
2019-12-07 11:32:22,2019-12-07 11:49:24,0,1022,1,63,2,3,2,1,1,1,1,2,1,1022,1,1,2.5,1,-0.3861,1,1
2019-12-07 14:03:41,2019-12-07 14:41:42,0,2280,1,33,2,2,3,2,1,2,1,2,1,2280,1,1,2.5,1.66666666666667,-0.3861,1,1
2019-12-07 15:48:53,2019-12-07 16:02:56,0,842,1,40,1,4,4,5,1,1,1,2,1,842,1,0,4,2.33333333333333,1.1139,1,0
2019-12-08 08:19:47,2019-12-08 08:40:18,0,1230,1,36,2,2,2,4,3,1,1,2,1,1230,1,1,2,2.66666666666667,-0.8861,1,1
2019-12-08 20:49:36,2019-12-08 21:06:58,0,1041,1,37,2,1,1,1,1,1,1,2,4,1041,1,1,1,1,-1.8861,1,1
2019-12-09 10:32:38,2019-12-09 10:50:55,0,1097,1,38,2,2,3,2,2,2,1,2,1,1097,1,1,2.5,2,-0.3861,1,1
2019-12-10 07:01:56,2019-12-10 07:34:37,0,1961,1,37,2,3,2,1,1,1,1,2,4,1961,1,1,2.5,1,-0.3861,1,1
2019-12-10 13:00:37,2019-12-10 13:18:39,0,1081,1,19,2,2,3,2,4,2,1,2,1,1081,1,1,2.5,2.66666666666667,-0.3861,1,1
2019-12-10 14:29:06,2019-12-10 14:51:19,0,1332,1,35,1,3,4,5,5,5,1,2,1,1332,1,0,3.5,5,0.6139,1,0
2019-12-09 19:39:29,2019-12-09 20:32:50,0,3201,1,33,2,2,2,1,1,1,1,2,3,3201,1,1,2,1,-0.8861,1,1
2019-12-09 20:18:07,2019-12-09 20:37:57,0,1190,1,49,2,5,5,2,3,3,1,2,1,1190,1,1,5,2.66666666666667,2.1139,1,1
2019-12-10 13:26:33,2019-12-10 13:56:50,0,1816,1,29,2,5,4,1,1,1,1,2,1,1816,1,1,4.5,1,1.6139,1,1
2019-12-05 14:01:53,2019-12-05 14:14:42,0,768,1,30,2,4,4,3,5,3,1,2,1,768,1,1,4,3.66666666666667,1.1139,1,1
2019-12-06 18:48:04,2019-12-06 19:08:33,0,1228,1,60,2,4,3,1,4,4,1,2,1,1228,1,1,3.5,3,0.6139,1,1
2019-12-07 18:00:34,2019-12-07 18:25:00,0,1465,1,58,1,5,5,5,4,5,8,2,1,1465,1,0,5,4.66666666666667,2.1139,1,0
2019-12-09 12:54:40,2019-12-09 13:14:04,0,1164,1,29,1,5,4,2,4,1,2,2,2,1164,1,0,4.5,2.33333333333333,1.6139,1,0
2019-12-07 22:41:23,2019-12-07 22:54:21,0,777,1,53,2,5,5,2,4,2,3,2,1,777,1,1,5,2.66666666666667,2.1139,1,1
2019-12-05 14:59:00,2019-12-05 15:31:00,0,1920,1,35,2,3,3,1,5,5,3,2,1,1920,1,1,3,3.66666666666667,0.1139,1,1
2019-12-07 14:20:56,2019-12-07 14:44:04,0,1387,1,37,1,5,1,3,1,1,2,2,1,1387,1,0,3,1.66666666666667,0.1139,1,0
2019-12-10 17:53:49,2019-12-10 18:04:48,0,658,1,40,2,4,4,4,4,3,2,2,1,658,1,1,4,3.66666666666667,1.1139,1,1
2019-12-07 22:31:15,2019-12-07 22:55:26,0,1451,1,62,2,3,1,4,5,5,1,2,1,1451,1,1,2,4.66666666666667,-0.8861,1,1
2019-12-07 16:58:29,2019-12-07 17:10:10,0,701,1,39,1,2,4,1,1,1,5,2,2,701,1,0,3,1,0.1139,1,0
2019-12-07 16:09:45,2019-12-07 16:25:12,0,926,1,47,1,5,4,5,5,2,2,2,1,926,1,0,4.5,4,1.6139,1,0
2019-12-09 15:50:58,2019-12-09 16:56:25,0,3927,1,25,1,5,5,2,5,5,2,2,1,3927,1,0,5,4,2.1139,1,0
2019-12-10 16:47:58,2019-12-10 17:04:40,0,1001,1,39,1,4,4,4,5,4,2,2,1,1001,1,0,4,4.33333333333333,1.1139,1,0
2019-12-06 13:56:38,2019-12-06 14:16:44,0,1205,1,60,1,5,5,1,1,1,2,2,1,1205,1,0,5,1,2.1139,1,0
2019-12-07 23:00:05,2019-12-07 23:47:33,0,2847,1,29,1,3,4,5,5,4,2,2,1,2847,1,0,3.5,4.66666666666667,0.6139,1,0
2019-12-09 15:56:02,2019-12-09 18:56:39,0,10836,1,27,1,4,4,4,4,5,2,2,1,10836,1,0,4,4.33333333333333,1.1139,1,0
2019-12-09 21:52:48,2019-12-09 22:21:30,0,1721,1,29,1,5,5,5,5,5,2,2,1,1721,1,0,5,5,2.1139,1,0
2019-12-10 08:25:49,2019-12-10 09:15:29,0,2980,1,49,1,2,3,4,3,5,2,2,1,2980,1,0,2.5,4,-0.3861,1,0
2019-12-06 17:22:03,2019-12-06 18:07:03,0,2698,1,63,1,5,5,5,1,1,2,2,1,2698,1,0,5,2.33333333333333,2.1139,1,0
2019-12-05 14:28:01,2019-12-05 14:46:16,0,1094,1,32,2,5,1,4,3,1,1,2,4,1094,1,1,3,2.66666666666667,0.1139,1,1
2019-12-06 03:14:55,2019-12-06 03:30:36,0,940,1,51,1,3,3,3,5,5,1,2,1,940,1,0,3,4.33333333333333,0.1139,1,0
2019-12-06 12:40:30,2019-12-06 12:55:19,0,889,1,54,1,5,5,5,5,5,1,2,1,889,1,0,5,5,2.1139,1,0
2019-12-06 13:04:01,2019-12-06 13:27:00,0,1378,1,49,1,2,2,1,1,1,1,2,1,1378,1,0,2,1,-0.8861,1,0
2019-12-06 13:39:05,2019-12-06 14:11:30,0,1944,1,23,2,3,1,1,3,5,1,2,1,1944,1,1,2,3,-0.8861,1,1
2019-12-06 21:50:00,2019-12-06 22:10:54,0,1253,1,40,2,3,5,5,3,3,1,2,1,1253,1,1,4,3.66666666666667,1.1139,1,1
2019-12-07 13:20:27,2019-12-07 13:39:55,0,1168,1,35,2,1,2,2,5,5,1,2,1,1168,1,1,1.5,4,-1.3861,1,1
2019-12-07 15:35:01,2019-12-07 15:54:50,0,1189,1,63,2,5,5,5,5,5,1,2,1,1189,1,1,5,5,2.1139,1,1
2019-12-07 16:24:19,2019-12-07 16:42:19,0,1079,1,30,2,1,2,5,5,5,1,2,1,1079,1,1,1.5,5,-1.3861,1,1
2019-12-07 17:21:02,2019-12-07 17:34:27,0,805,1,60,1,1,2,1,1,2,1,2,4,805,1,0,1.5,1.33333333333333,-1.3861,1,0
2019-12-07 17:57:50,2019-12-07 18:13:58,0,968,1,53,2,1,3,2,2,1,1,2,1,968,1,1,2,1.66666666666667,-0.8861,1,1
2019-12-07 18:06:28,2019-12-07 18:24:56,0,1108,1,61,1,5,5,3,1,1,1,2,1,1108,1,0,5,1.66666666666667,2.1139,1,0
2019-12-07 20:30:10,2019-12-07 20:52:07,0,1317,1,41,2,3,2,4,5,5,1,2,1,1317,1,1,2.5,4.66666666666667,-0.3861,1,1
2019-12-08 22:43:24,2019-12-09 00:02:34,0,4750,1,39,2,3,3,2,5,1,1,2,1,4750,1,1,3,2.66666666666667,0.1139,1,1
2019-12-09 14:19:20,2019-12-09 15:31:10,0,4309,1,24,2,4,4,3,4,2,1,2,1,4309,1,1,4,3,1.1139,1,1
2019-12-10 12:15:08,2019-12-10 12:34:14,0,1145,1,39,2,2,2,4,3,4,1,2,1,1145,1,1,2,3.66666666666667,-0.8861,1,1
2019-12-10 13:30:05,2019-12-10 13:50:01,0,1195,1,42,1,3,4,4,2,2,1,2,1,1195,1,0,3.5,2.66666666666667,0.6139,1,0
2019-12-10 15:09:52,2019-12-10 15:26:13,0,981,1,32,2,3,4,2,5,4,1,2,1,981,1,1,3.5,3.66666666666667,0.6139,1,1
2019-12-10 14:09:35,2019-12-10 15:35:22,0,5147,1,19,1,3,4,5,5,2,1,2,1,5147,1,0,3.5,4,0.6139,1,0
2019-12-10 23:15:35,2019-12-11 00:08:29,0,3173,1,36,2,5,5,3,5,5,1,2,1,3173,1,1,5,4.33333333333333,2.1139,1,1
2019-12-11 01:45:02,2019-12-11 02:07:44,0,1361,1,49,2,1,1,2,5,1,1,2,1,1361,1,1,1,2.66666666666667,-1.8861,1,1
2019-12-12 15:20:32,2019-12-12 15:35:49,0,917,1,33,2,4,1,1,1,1,1,2,1,917,1,1,2.5,1,-0.3861,1,1
2019-12-05 12:48:37,2019-12-05 18:00:24,0,18707,1,36,2,1,1,1,5,5,1,2,1,18707,1,1,1,3.66666666666667,-1.8861,1,1
2019-12-07 06:55:40,2019-12-07 07:15:15,0,1174,1,50,2,3,3,2,2,2,1,2,1,1174,1,1,3,2,0.1139,1,1
2019-12-07 09:26:25,2019-12-07 09:51:12,0,1486,1,29,1,4,4,1,2,2,1,2,1,1486,1,0,4,1.66666666666667,1.1139,1,0
2019-12-07 09:51:57,2019-12-07 10:25:25,0,2007,1,33,1,2,2,5,4,4,1,2,1,2007,1,0,2,4.33333333333333,-0.8861,1,0
2019-12-07 11:11:11,2019-12-07 11:29:39,0,1108,1,47,1,3,3,4,4,5,1,2,1,1108,1,0,3,4.33333333333333,0.1139,1,0
2019-12-07 12:28:59,2019-12-07 12:41:35,0,755,1,25,1,4,3,4,3,2,1,2,1,755,1,0,3.5,3,0.6139,1,0
2019-12-07 16:47:16,2019-12-07 17:39:04,0,3108,1,58,2,3,3,4,2,3,1,2,4,3108,1,1,3,3,0.1139,1,1
2019-12-07 20:15:53,2019-12-07 20:42:11,0,1577,1,36,2,2,2,4,5,4,1,2,1,1577,1,1,2,4.33333333333333,-0.8861,1,1
2019-12-07 20:53:36,2019-12-07 21:31:31,0,2274,1,56,1,2,2,1,5,5,1,2,1,2274,1,0,2,3.66666666666667,-0.8861,1,0
2019-12-08 07:57:31,2019-12-08 09:58:07,0,7235,1,49,2,5,1,5,5,4,1,2,1,7235,1,1,3,4.66666666666667,0.1139,1,1
2019-12-08 13:48:23,2019-12-08 14:15:38,0,1634,1,46,2,3,3,3,3,3,1,2,1,1634,1,1,3,3,0.1139,1,1
2019-12-09 09:11:21,2019-12-09 09:33:54,0,1352,1,28,2,4,4,3,5,5,1,2,1,1352,1,1,4,4.33333333333333,1.1139,1,1
2019-12-10 08:07:59,2019-12-10 08:54:13,0,2773,1,48,1,4,4,4,5,4,1,2,1,2773,1,0,4,4.33333333333333,1.1139,1,0
2019-12-11 13:17:43,2019-12-11 13:38:18,0,1234,1,50,1,2,2,3,5,4,1,2,1,1234,1,0,2,4,-0.8861,1,0
2019-12-05 13:57:20,2019-12-05 14:28:15,0,1855,1,44,1,3,3,3,2,3,1,2,1,1855,1,0,3,2.66666666666667,0.1139,1,0
2019-12-05 14:15:24,2019-12-05 14:42:37,0,1633,1,39,2,1,1,1,1,1,1,2,1,1633,1,1,1,1,-1.8861,1,1
2019-12-05 17:30:54,2019-12-05 17:41:33,0,638,1,53,2,3,1,1,1,1,1,2,1,638,1,1,2,1,-0.8861,1,1
2019-12-05 21:28:18,2019-12-05 21:51:16,0,1377,1,61,1,4,3,5,3,1,1,2,1,1377,1,0,3.5,3,0.6139,1,0
2019-12-05 21:55:43,2019-12-05 22:21:42,0,1558,1,38,2,1,1,2,4,1,1,2,1,1558,1,1,1,2.33333333333333,-1.8861,1,1
2019-12-06 17:15:40,2019-12-06 18:34:43,0,4742,1,51,2,1,1,1,1,1,1,2,1,4742,1,1,1,1,-1.8861,1,1
2019-12-06 20:29:15,2019-12-06 20:46:13,0,1018,1,54,2,5,3,3,5,5,1,2,1,1018,1,1,4,4.33333333333333,1.1139,1,1
2019-12-07 07:19:14,2019-12-07 07:50:15,0,1861,1,56,1,4,5,1,2,3,1,2,1,1861,1,0,4.5,2,1.6139,1,0
2019-12-07 11:28:49,2019-12-07 11:37:17,0,507,1,48,1,3,4,2,5,5,1,2,1,507,1,0,3.5,4,0.6139,1,0
2019-12-07 14:28:28,2019-12-07 14:42:28,0,840,1,52,2,1,3,3,3,3,1,2,1,840,1,1,2,3,-0.8861,1,1
2019-12-07 22:58:21,2019-12-07 23:23:05,0,1483,1,51,2,1,3,1,1,3,1,2,1,1483,1,1,2,1.66666666666667,-0.8861,1,1
2019-12-08 09:01:40,2019-12-08 09:23:19,0,1299,1,49,2,2,2,1,2,1,1,2,1,1299,1,1,2,1.33333333333333,-0.8861,1,1
2019-12-08 11:24:32,2019-12-08 11:42:29,0,1076,1,39,1,2,1,3,5,5,1,2,1,1076,1,0,1.5,4.33333333333333,-1.3861,1,0
2019-12-08 13:22:22,2019-12-08 14:02:52,0,2429,1,18,1,1,1,2,2,4,1,2,1,2429,1,0,1,2.66666666666667,-1.8861,1,0
2019-12-08 21:42:56,2019-12-08 22:16:21,0,2005,1,37,2,2,5,5,4,4,1,2,1,2005,1,1,3.5,4.33333333333333,0.6139,1,1
2019-12-09 07:50:53,2019-12-09 08:21:07,0,1813,1,35,2,2,2,4,1,3,1,2,1,1813,1,1,2,2.66666666666667,-0.8861,1,1
2019-12-09 10:00:48,2019-12-09 11:41:27,0,6038,1,32,2,5,1,5,5,5,1,2,3,6038,1,1,3,5,0.1139,1,1
2019-12-09 11:12:55,2019-12-09 11:59:17,0,2781,1,26,1,4,3,4,5,5,1,2,1,2781,1,0,3.5,4.66666666666667,0.6139,1,0
2019-12-09 18:17:25,2019-12-09 18:32:52,0,926,1,49,2,1,1,3,4,3,1,2,4,926,1,1,1,3.33333333333333,-1.8861,1,1
2019-12-09 20:13:56,2019-12-09 20:36:48,0,1371,1,46,2,3,3,1,3,3,1,2,1,1371,1,1,3,2.33333333333333,0.1139,1,1
2019-12-10 10:09:21,2019-12-10 10:29:06,0,1185,1,49,1,2,2,3,3,2,1,2,1,1185,1,0,2,2.66666666666667,-0.8861,1,0
2019-12-10 11:25:26,2019-12-10 12:58:41,0,5595,1,42,1,2,2,1,3,1,1,2,1,5595,1,0,2,1.66666666666667,-0.8861,1,0
2019-12-10 13:19:20,2019-12-10 13:28:36,0,555,1,45,2,3,3,3,4,3,1,2,4,555,1,1,3,3.33333333333333,0.1139,1,1
2019-12-10 14:27:47,2019-12-10 14:48:40,0,1252,1,48,2,4,4,1,5,5,1,2,1,1252,1,1,4,3.66666666666667,1.1139,1,1
2019-12-10 15:44:12,2019-12-10 16:30:25,0,2772,1,44,1,1,1,3,3,3,1,2,1,2772,1,0,1,3,-1.8861,1,0
2019-12-12 12:52:42,2019-12-12 12:59:17,0,394,1,41,1,5,5,2,3,3,1,2,1,394,1,0,5,2.66666666666667,2.1139,1,0
2019-12-06 17:26:03,2019-12-06 18:00:16,0,2052,1,57,1,1,1,3,2,2,1,2,1,2052,1,0,1,2.33333333333333,-1.8861,1,0
2019-12-06 22:58:13,2019-12-06 23:22:30,0,1457,1,58,1,1,2,4,3,4,1,2,1,1457,1,0,1.5,3.66666666666667,-1.3861,1,0
2019-12-10 13:41:30,2019-12-10 13:52:42,0,671,1,29,1,1,1,1,5,1,1,2,1,671,1,0,1,2.33333333333333,-1.8861,1,0
2019-12-11 13:21:06,2019-12-11 13:43:47,0,1360,1,59,1,5,5,2,2,2,1,2,1,1360,1,0,5,2,2.1139,1,0
2019-12-05 13:43:29,2019-12-05 14:04:48,0,1278,1,19,1,5,3,1,1,1,1,2,1,1278,1,0,4,1,1.1139,1,0
2019-12-05 14:05:10,2019-12-05 14:26:13,0,1263,1,63,1,1,4,5,5,5,1,2,1,1263,1,0,2.5,5,-0.3861,1,0
2019-12-06 23:04:00,2019-12-06 23:35:34,0,1894,1,62,2,2,2,1,1,1,1,2,1,1894,1,1,2,1,-0.8861,1,1
2019-12-07 17:01:34,2019-12-07 17:23:14,0,1300,1,18,2,3,3,1,2,2,1,2,1,1300,1,1,3,1.66666666666667,0.1139,1,1
2019-12-07 18:21:29,2019-12-07 18:44:34,0,1385,1,54,1,5,5,1,1,1,1,2,1,1385,1,0,5,1,2.1139,1,0
2019-12-08 07:06:38,2019-12-08 07:32:50,0,1572,1,59,2,1,1,1,1,1,1,2,1,1572,1,1,1,1,-1.8861,1,1
2019-12-08 17:11:03,2019-12-08 17:28:59,0,1075,1,20,2,2,1,1,1,1,1,2,4,1075,1,1,1.5,1,-1.3861,1,1
2019-12-09 07:16:19,2019-12-09 07:29:58,0,819,1,30,2,2,2,2,2,2,1,2,1,819,1,1,2,2,-0.8861,1,1
2019-12-09 13:10:58,2019-12-10 02:11:08,0,46809,1,18,2,2,3,5,5,4,1,2,1,46809,1,1,2.5,4.66666666666667,-0.3861,1,1
2019-12-10 13:09:51,2019-12-10 14:04:30,0,3278,1,43,2,3,4,1,1,1,1,3,1,3278,NA,1,3.5,1,0.6139,NA,1
2019-12-05 18:39:41,2019-12-05 19:08:11,0,1710,1,30,2,1,1,1,1,1,1,3,4,1710,NA,1,1,1,-1.8861,NA,1
2019-12-07 17:13:30,2019-12-07 17:18:55,0,324,1,28,1,1,1,1,1,1,1,3,4,324,NA,0,1,1,-1.8861,NA,0
2019-12-06 22:01:06,2019-12-06 22:18:40,0,1054,1,63,2,4,4,2,2,2,1,3,1,1054,NA,1,4,2,1.1139,NA,1
2019-12-09 20:44:46,2019-12-09 20:52:31,0,464,1,44,1,2,2,2,2,2,1,3,4,464,NA,0,2,2,-0.8861,NA,0
2019-12-07 22:01:20,2019-12-07 22:10:57,0,577,1,21,2,3,2,4,3,3,2,3,4,577,NA,1,2.5,3.33333333333333,-0.3861,NA,1
2019-12-06 00:43:14,2019-12-06 01:00:25,0,1030,1,20,2,2,3,5,5,5,1,3,1,1030,NA,1,2.5,5,-0.3861,NA,1
2019-12-07 08:14:14,2019-12-07 09:27:20,0,4385,1,64,2,3,3,1,1,1,1,3,1,4385,NA,1,3,1,0.1139,NA,1
2019-12-08 00:06:11,2019-12-08 00:39:16,0,1985,1,31,2,3,3,1,1,1,1,3,4,1985,NA,1,3,1,0.1139,NA,1
2019-12-09 12:15:17,2019-12-09 12:57:28,0,2530,1,25,1,3,3,2,4,4,4,3,1,2530,NA,0,3,3.33333333333333,0.1139,NA,0
2019-12-07 15:12:11,2019-12-07 15:55:02,0,2570,1,25,1,3,3,3,4,3,5,3,2,2570,NA,0,3,3.33333333333333,0.1139,NA,0
2019-12-06 15:37:13,2019-12-06 16:03:19,0,1565,1,44,1,2,2,1,1,1,1,3,4,1565,NA,0,2,1,-0.8861,NA,0
2019-12-08 04:46:22,2019-12-08 05:07:00,0,1238,1,49,1,3,4,3,3,4,4,3,1,1238,NA,0,3.5,3.33333333333333,0.6139,NA,0
2019-12-07 01:31:44,2019-12-07 01:57:57,0,1572,1,64,1,5,4,4,2,2,2,3,1,1572,NA,0,4.5,2.66666666666667,1.6139,NA,0
2019-12-08 08:13:32,2019-12-08 08:38:56,0,1523,1,51,1,2,2,3,3,3,1,3,4,1523,NA,0,2,3,-0.8861,NA,0
2019-12-09 11:35:21,2019-12-09 12:00:02,0,1481,1,28,1,3,2,2,3,3,1,3,1,1481,NA,0,2.5,2.66666666666667,-0.3861,NA,0
2019-12-05 13:36:09,2019-12-05 13:57:20,0,1270,1,44,2,5,1,1,1,1,1,3,1,1270,NA,1,3,1,0.1139,NA,1
